NOMBRE_ASOCIACION,NUMERO_LISTA,TIPO_CANDIDATURA_PROP,NOMBRE_PROPIETARIO,NOMBRE_SUP,SEXO_PROP,SEXO_SUP
PARTIDO ACCIÓN NACIONAL,1,SENADORES RP,VAZQUEZ MOTA JOSEFINA EUGENIA,LUNA RUIZ GLORIA TRINIDAD,M,M
PARTIDO ACCIÓN NACIONAL,2,SENADORES RP,MANCERA ESPINOSA MIGUEL ANGEL,ADAME ALEMAN JUAN PABLO,H,H
PARTIDO ACCIÓN NACIONAL,3,SENADORES RP,ROSALES SAN ROMAN INDIRA DE JESUS,VAZQUEZ SAUT JUDITH FABIOLA,M,M
PARTIDO ACCIÓN NACIONAL,4,SENADORES RP,ZEPEDA VIDALES DAMIAN,SERRATO CASTELL LUIS GERARDO,H,H
PARTIDO ACCIÓN NACIONAL,5,SENADORES RP,LOPEZ RABADAN KENIA,TAMAYO HERRERA YADHIRA YVETTE,M,M
PARTIDO ACCIÓN NACIONAL,6,SENADORES RP,MORENO VALLE ROSAS RAFAEL,MOYA CLEMENTE ROBERTO JUAN,H,H
PARTIDO ACCIÓN NACIONAL,7,SENADORES RP,ROMERO CASTILLO MARIA GUADALUPE CECILIA,ALEMAN OLVERA EMMA MARGARITA,M,M
PARTIDO ACCIÓN NACIONAL,8,SENADORES RP,CORTES MENDOZA MARKO ANTONIO,CORRAL ESTRADA HERMINIO,H,H
PARTIDO ACCIÓN NACIONAL,9,SENADORES RP,AGUILAR RAMIREZ ADRIANA,MONTAÑO SALCIDO MARIA BELEN DEL CARMEN,M,M
PARTIDO ACCIÓN NACIONAL,10,SENADORES RP,BRAVO MENA LUIS FELIPE,ESPINA VON ROEHRICH JOSE,H,H
PARTIDO ACCIÓN NACIONAL,11,SENADORES RP,TALAVERA HERNANDEZ MARIA ELOISA,PANIAGUA FIGUEROA LUZ ARGELIA,M,M
PARTIDO ACCIÓN NACIONAL,12,SENADORES RP,ABADIA PARDO MIGUEL ANGEL,DE LA BARREDA HERNANDEZ ALBERTO,H,H
PARTIDO ACCIÓN NACIONAL,13,SENADORES RP,VARGAS LICEA MARIBEL,MARTINEZ GUTIERREZ ALMA REBECA,M,M
PARTIDO ACCIÓN NACIONAL,14,SENADORES RP,VALENCIA TERAN JESUS FRANCISCO,NIEBLAS BARRANTES FARIDH CONCEPCION,H,H
PARTIDO ACCIÓN NACIONAL,15,SENADORES RP,CANCELADO,RIQUELME ALCANTAR ALEJANDRA,M,M
PARTIDO ACCIÓN NACIONAL,16,SENADORES RP,CHACÓN CÁRDENAS ROBERTO,MAGDALENO AVILÉZ SAJIDH SAÚL,H,H
PARTIDO ACCIÓN NACIONAL,17,SENADORES RP,CASTRO IGLESIAS ANA LORENA,MENDEZ CHAVEZ LORENIA BEATRIZ,M,M
PARTIDO ACCIÓN NACIONAL,18,SENADORES RP,GARCIA FONSECA MANUEL RUDECINDO,GUERRA LOPEZ NEGRETE SERGIO,H,H
PARTIDO ACCIÓN NACIONAL,19,SENADORES RP,MEJIA FLORES WENDY ANAHI,GUTIERREZ VALTIERRA DIANA ESTEFANIA,M,M
PARTIDO ACCIÓN NACIONAL,20,SENADORES RP,LOPEZ HERNANDEZ GILDARDO,HERNANDEZ ROJO AGUSTIN,H,H
PARTIDO ACCIÓN NACIONAL,21,SENADORES RP,VASQUEZ RUIZ IRAZEMA,MEXIA ARRIETA SARA DEL CARMEN,M,M
PARTIDO ACCIÓN NACIONAL,22,SENADORES RP,MENESES PEREZ RAMON SAUL,CASTILLO CASTILLO OSCAR OMAR,H,H
PARTIDO ACCIÓN NACIONAL,23,SENADORES RP,GARZA CISNEROS KARINA DOLORES,CHAZARO ZAMUDIO MAGALY ITZEL,M,M
PARTIDO ACCIÓN NACIONAL,24,SENADORES RP,MORALES KUHN RICARDO,GAMBOA ALVA OCTAVIO ALEJANDRO,H,H
PARTIDO ACCIÓN NACIONAL,25,SENADORES RP,DE AVILA RODRIGUEZ CARMINA MONSERRATH,CANUL CETZAL KAREN ANAHI,M,M
PARTIDO ACCIÓN NACIONAL,26,SENADORES RP,ACOSTA SANCHEZ JOSE ARMANDO,ROA ESCALONA LUIS,H,H
PARTIDO ACCIÓN NACIONAL,27,SENADORES RP,COLLINS  CARLA DENIS,MALDONADO JUAREZ IRMA BERENICE,M,M
PARTIDO ACCIÓN NACIONAL,28,SENADORES RP,MARTINEZ GUERRERO MARCO ANTONIO,HERNANDEZ PEÑAFLOR MIGUEL ALFREDO,H,H
PARTIDO ACCIÓN NACIONAL,29,SENADORES RP,TREJO CANO GENOVEVA,RIVAS MEJIA BARBARA KARIME,M,M
PARTIDO ACCIÓN NACIONAL,30,SENADORES RP,BALDERAS COLIN LUIS IVAN,OROZCO CARMONA MARCO ANTONIO,H,H
PARTIDO ACCIÓN NACIONAL,31,SENADORES RP,RAMIREZ GARCIA YAZMIN ANDREA,ROSAS GARCIA ALEJANDRA,M,M
PARTIDO ACCIÓN NACIONAL,32,SENADORES RP,SUAREZ SUAREZ GUSTAVO,GUERRA REYES CRISTOBAL RAUL,H,H
PARTIDO REVOLUCIONARIO INSTITUCIONAL,1,SENADORES RP,RUIZ MASSIEU SALINAS CLAUDIA,GUILLEN VICENTE MERCEDES DEL CARMEN,M,M
PARTIDO REVOLUCIONARIO INSTITUCIONAL,2,SENADORES RP,ACEVES DEL OLMO CARLOS HUMBERTO,CALZADA ROVIROSA JOSE EDUARDO,H,H
PARTIDO REVOLUCIONARIO INSTITUCIONAL,3,SENADORES RP,RUBIO MARQUEZ VANESSA,SANCHEZ ARREDONDO NANCY GUADALUPE,M,M
PARTIDO REVOLUCIONARIO INSTITUCIONAL,4,SENADORES RP,OSORIO CHONG MIGUEL ANGEL,GUZMAN ORTIZ FRANCISCO,H,H
PARTIDO REVOLUCIONARIO INSTITUCIONAL,5,SENADORES RP,PAREDES RANGEL BEATRIZ ELENA,ESQUEDA LLANES MARIA CLAUDIA,M,M
PARTIDO REVOLUCIONARIO INSTITUCIONAL,6,SENADORES RP,AVILA VILLEGAS ERUVIEL,ESCAJEDA JIMENEZ JOSE RUBEN,H,H
PARTIDO REVOLUCIONARIO INSTITUCIONAL,7,SENADORES RP,CRUZ SANCHEZ LORENA,MONTESINOS MENDOZA CAROLINA CHARBEL,M,M
PARTIDO REVOLUCIONARIO INSTITUCIONAL,8,SENADORES RP,ESTEFAN CHIDIAC CHARBEL JORGE,LOPEZ ZAVALA JAVIER,H,H
PARTIDO REVOLUCIONARIO INSTITUCIONAL,9,SENADORES RP,ECHEVERRIA MARTINEZ JULIA,GUTIERREZ GIJON NALLELY ILEANA,M,M
PARTIDO REVOLUCIONARIO INSTITUCIONAL,10,SENADORES RP,GAMBOA MINER PABLO,PEREZ VALDES DANIEL,H,H
PARTIDO REVOLUCIONARIO INSTITUCIONAL,11,SENADORES RP,VIGGIANO AUSTRIA ALMA CAROLINA,HERNANDEZ ESCOBAR ALMA BERENICE,M,M
PARTIDO REVOLUCIONARIO INSTITUCIONAL,12,SENADORES RP,PACHECO MARTINEZ FERNANDO,LOPEZ GONZALEZ TOMAS,H,H
PARTIDO REVOLUCIONARIO INSTITUCIONAL,13,SENADORES RP,JASSO NIETO OFELIA SOCORRO,AYON CASTRO MIRIAM JOSEFINA,M,M
PARTIDO REVOLUCIONARIO INSTITUCIONAL,14,SENADORES RP,SALGADO DELGADO FERNANDO,RUIZ ANGELES ROBERTO,H,H
PARTIDO REVOLUCIONARIO INSTITUCIONAL,15,SENADORES RP,RAMIREZ GUTIERREZ IRMA PATRICIA,OCAMPO TORRES NAYELY,M,M
PARTIDO REVOLUCIONARIO INSTITUCIONAL,16,SENADORES RP,MEJIA SAMANIEGO JESUS RIGOBERTO,MERCADO ROSALES JOSE ANGEL,H,H
PARTIDO REVOLUCIONARIO INSTITUCIONAL,17,SENADORES RP,LUNA LOPEZ THANIA,CEVALLOS SAAD ODETTE ISABEL,M,M
PARTIDO REVOLUCIONARIO INSTITUCIONAL,18,SENADORES RP,PALACIOS HERNANDEZ CARLOS,GONZALEZ MAYORAL GABRIEL GUADALUPE,H,H
PARTIDO REVOLUCIONARIO INSTITUCIONAL,19,SENADORES RP,ARANA MARTIN ANA GABRIELA,PENSAMIENTO MORALES RUTH AURELIA,M,M
PARTIDO REVOLUCIONARIO INSTITUCIONAL,20,SENADORES RP,MORENO GARCIA ARNULFO,DE LA FUENTE ZEIND MARIO MIGUEL,H,H
PARTIDO REVOLUCIONARIO INSTITUCIONAL,21,SENADORES RP,MONTERO CASTILLO NELIDA,ROSTRO OLVERA ANDREA VIRIDIANA,M,M
PARTIDO REVOLUCIONARIO INSTITUCIONAL,22,SENADORES RP,CERVANTES MORALES ANTONIO,RIVAS ZAVALA JORGE ENRIQUE,H,H
PARTIDO REVOLUCIONARIO INSTITUCIONAL,23,SENADORES RP,OLVERA MELCHOR EDITH ALEJANDRA,HUERTA REA MARIA DE JESUS,M,M
PARTIDO REVOLUCIONARIO INSTITUCIONAL,24,SENADORES RP,HERNANDEZ CORREA EDUARDO,TELLEZ PONCE GEOVANY,H,H
PARTIDO REVOLUCIONARIO INSTITUCIONAL,25,SENADORES RP,MOLANO CASTILLO LIDIA,LU CARRILLO ANA ROSA,M,M
PARTIDO REVOLUCIONARIO INSTITUCIONAL,26,SENADORES RP,CRUZ ANAYA JESUS ANDREI,MENDEZ HINOJOSA JOSE MANUEL,H,H
PARTIDO REVOLUCIONARIO INSTITUCIONAL,27,SENADORES RP,RODARTE AYALA JOSEFINA,DOMINGUEZ REYES MARIA ESTELA,M,M
PARTIDO REVOLUCIONARIO INSTITUCIONAL,28,SENADORES RP,CASTILLO ROSADO ERNESTO,ROJANO DELGADO VICTOR ESTEBAN,H,H
PARTIDO REVOLUCIONARIO INSTITUCIONAL,29,SENADORES RP,FLORES PUERTOS KATHYA MARIA,CHAPA MONTOYA CINTHYA ELENA DEL CARMEN,M,M
PARTIDO REVOLUCIONARIO INSTITUCIONAL,30,SENADORES RP,CUESTA PEREZ OMAR VICTOR,GALICIA CANCINO JUAN FERNANDO,H,H
PARTIDO REVOLUCIONARIO INSTITUCIONAL,31,SENADORES RP,MARTINEZ CONTRERAS XOCHITL ANGELICA,OLIVERA BECERRIL ESDREY NARENDRA,M,M
PARTIDO REVOLUCIONARIO INSTITUCIONAL,32,SENADORES RP,ALLENDE TREJO ROBERTO ALEJANDRO,DIAZ RUIZ JOSE DANIEL,H,H
PARTIDO DE LA REVOLUCIÓN DEMOCRÁTICA,1,SENADORES RP,GALVEZ RUIZ BERTHA XOCHITL,BALLESTEROS MANCILLA LAURA IRAIS,M,M
PARTIDO DE LA REVOLUCIÓN DEMOCRÁTICA,2,SENADORES RP,ZEPEDA HERNANDEZ JUAN MANUEL,ZAMORA GUZMAN ROGELIO ISRAEL,H,H
PARTIDO DE LA REVOLUCIÓN DEMOCRÁTICA,3,SENADORES RP,CANCELADO,ARAGON CASTILLO HORTENSIA,M,M
PARTIDO DE LA REVOLUCIÓN DEMOCRÁTICA,4,SENADORES RP,ZAMBRANO GRIJALVA JOSE DE JESUS,VILLA GONZALEZ ISAIAS,H,H
PARTIDO DE LA REVOLUCIÓN DEMOCRÁTICA,5,SENADORES RP,RUIZ BELTRAN MARGARITA,NAVARRO MURILLO GRISELDA,M,M
PARTIDO DE LA REVOLUCIÓN DEMOCRÁTICA,6,SENADORES RP,ORDOÑEZ HERNANDEZ DANIEL,ESCALONA HERRERA FERNANDO,H,H
PARTIDO DE LA REVOLUCIÓN DEMOCRÁTICA,7,SENADORES RP,UVALLE GALAZ RUBI ANDREA,DORANTES AVILA SAMANTA MARISOL,M,M
PARTIDO DE LA REVOLUCIÓN DEMOCRÁTICA,8,SENADORES RP,DE LA ROSA GARCIA ERICK ALAN,FLORES PEREYDA ALEJANDRO GONZALO,H,H
PARTIDO DE LA REVOLUCIÓN DEMOCRÁTICA,9,SENADORES RP,GUARNEROS BAÑUELOS MARIA EUGENIA,VENTURA ACOSTA MARIA DEL CARMEN,M,M
PARTIDO DE LA REVOLUCIÓN DEMOCRÁTICA,10,SENADORES RP,TOYAMA MONTES BENJAMIN KOYIMA,VAZQUEZ CAMACHO ISAAC MARTIN,H,H
PARTIDO DE LA REVOLUCIÓN DEMOCRÁTICA,11,SENADORES RP,TORRES FLORES MARIA DEL CARMEN,PEREZ CANTORAN ROXANA,M,M
PARTIDO DE LA REVOLUCIÓN DEMOCRÁTICA,12,SENADORES RP,CUEVAS RODRIGUEZ HUMBERTO ROMAN,CRUZ ORTIZ CENOBIO ELIGIO,H,H
PARTIDO DE LA REVOLUCIÓN DEMOCRÁTICA,13,SENADORES RP,VALDEZ PIÑA ERENDIRA,LOPEZ ARREGUIN ALEJANDRA,M,M
PARTIDO DE LA REVOLUCIÓN DEMOCRÁTICA,14,SENADORES RP,DUARTE CABRERA ISIDRO,TORRES CARBAJAL MARIO,H,H
PARTIDO DE LA REVOLUCIÓN DEMOCRÁTICA,15,SENADORES RP,TREJO TREJO GABRIELA,LOPEZ ORDAZ ZORAYLA,M,M
PARTIDO DE LA REVOLUCIÓN DEMOCRÁTICA,16,SENADORES RP,CRISTINO ROMERO JACOB,PEREZ ZAMORA RICARDO FABIAN,H,H
PARTIDO DE LA REVOLUCIÓN DEMOCRÁTICA,17,SENADORES RP,GARCIA CORONA JOCELYN JOYCE,ZARATE LOPEZ GABRIELA KAREN,M,M
PARTIDO DE LA REVOLUCIÓN DEMOCRÁTICA,18,SENADORES RP,CALTENCO SERRANO CARLOS FRANCISCO,RAMIREZ RAMIREZ SERGIO,H,H
PARTIDO DE LA REVOLUCIÓN DEMOCRÁTICA,19,SENADORES RP,GARCIA PORTOCARRERO EDITH,RIOS LARA EUNICE,M,M
PARTIDO DE LA REVOLUCIÓN DEMOCRÁTICA,20,SENADORES RP,VAZQUEZ SOLIS GENARO,VAZQUEZ SOLIS ROQUE FILIBERTO,H,H
PARTIDO DE LA REVOLUCIÓN DEMOCRÁTICA,21,SENADORES RP,PRECIADO ROMERO YAZMIN,ROMERO ROMERO ALINE,M,M
PARTIDO DE LA REVOLUCIÓN DEMOCRÁTICA,22,SENADORES RP,MENDEZ ARRIAGA RODRIGO,BARRIOS SANCHEZ HUGO,H,H
PARTIDO DE LA REVOLUCIÓN DEMOCRÁTICA,23,SENADORES RP,TLALI ZUÑIGA ITZEL ALEJANDRA,ROSALES VILLEGAS LUCIA,M,M
PARTIDO DE LA REVOLUCIÓN DEMOCRÁTICA,24,SENADORES RP,TABAREZ ANTUNEZ SAMUEL,QUINTANAR GALLEGOS MIGUEL ANGEL,H,H
PARTIDO DE LA REVOLUCIÓN DEMOCRÁTICA,25,SENADORES RP,RIVERA FLORES ELIZABETH,LOPEZ FACIO CLAUDIA,M,M
PARTIDO DE LA REVOLUCIÓN DEMOCRÁTICA,26,SENADORES RP,LEON PEREZ DANIEL,ARAVEDO RAMOS ROBERTO,H,H
PARTIDO DE LA REVOLUCIÓN DEMOCRÁTICA,27,SENADORES RP,CIRIACO BELMONT CAROLINA,PINTOR AGUILAR LILIANA,M,M
PARTIDO DE LA REVOLUCIÓN DEMOCRÁTICA,28,SENADORES RP,MEJIA HERNANDEZ JOSE RAYMUNDO,SALDAÑA HERNANDEZ SANDRO,H,H
PARTIDO DE LA REVOLUCIÓN DEMOCRÁTICA,29,SENADORES RP,RAMIREZ URZUA MARIA DE LOURDES,ZUMAYA GOMEZ KRYSTAL,M,M
PARTIDO DE LA REVOLUCIÓN DEMOCRÁTICA,30,SENADORES RP,QUINTERO HERNANDEZ JOSE DE JESUS,PEREZ SANCHEZ JESUS ALEJANDRO,H,H
PARTIDO DE LA REVOLUCIÓN DEMOCRÁTICA,31,SENADORES RP,PEREZ RIOS OLEIDA,SALINAS BENITEZ GENESIS ACELA,M,M
PARTIDO DE LA REVOLUCIÓN DEMOCRÁTICA,32,SENADORES RP,HERNANDEZ MARTINEZ JAIME ALVARO,VAZQUEZ FLORES GUILLERMO,H,H
PARTIDO DEL TRABAJO,1,SENADORES RP,BAÑUELOS DE LA TORRE GEOVANNA DEL CARMEN,HERNANDEZ NIÑO MARIA DE JESUS,M,M
PARTIDO DEL TRABAJO,2,SENADORES RP,ANAYA GUTIERREZ ALBERTO,BENAVIDES CASTAÑEDA JOSE ALBERTO,H,H
PARTIDO DEL TRABAJO,3,SENADORES RP,ARELLANO AVILA GISELLE YUNUEEN,ARREDONDO CAMPOS MARIA NANCY,M,M
PARTIDO DEL TRABAJO,4,SENADORES RP,PEÑA DELGADO ELIDIO,VAZQUEZ GONZALEZ ALEJANDRO,H,H
PARTIDO DEL TRABAJO,5,SENADORES RP,ALVAREZ  SONIA CATALINA,RAMOS ESPINOSA ROSA ELBA,M,M
PARTIDO DEL TRABAJO,6,SENADORES RP,ROBLERO GORDILLO HECTOR HUGO,SAMAYOA SANCHEZ QUEMPER,H,H
PARTIDO DEL TRABAJO,7,SENADORES RP,MARTINEZ ALFARO SILVIA,RAMIREZ HERNANDEZ MARIA MAGDALENA,M,M
PARTIDO DEL TRABAJO,8,SENADORES RP,CASTILLO CASTILLO MIGUEL ANGEL,ORTEGON IBARRA MARCO ANTONIO,H,H
PARTIDO DEL TRABAJO,9,SENADORES RP,GUERRA GARZA MARIA EUGENIA,MEDINA MIRANDA OLGA ALICIA,M,M
PARTIDO DEL TRABAJO,10,SENADORES RP,RUIZ FELIX DANIEL ADOLFO,RUIZ CALZADA ADOLFO,H,H
PARTIDO DEL TRABAJO,11,SENADORES RP,GARCIA AYALA OLGA LIDIA,MARTINEZ RAMIREZ LIZBET,M,M
PARTIDO DEL TRABAJO,12,SENADORES RP,ARMENTA RODRIGUEZ FLORENTINO JORGE ISAAC,VAZQUEZ GONZALEZ MARCO ANTONIO,H,H
PARTIDO DEL TRABAJO,13,SENADORES RP,VAZQUEZ PALACIOS ESMERALDA,VELAZQUEZ SANCHEZ CECILIA,M,M
PARTIDO DEL TRABAJO,14,SENADORES RP,MEZA CASTILLO ROLANDO,MARTINEZ MORENO ANDRES,H,H
PARTIDO DEL TRABAJO,15,SENADORES RP,GONZALEZ VILLALBA MONICA,ALVARADO REYES ANGELA,M,M
PARTIDO DEL TRABAJO,16,SENADORES RP,MARTINEZ TELLEZ LEONARDO ENRIQUE,GUTIERREZ TELLEZ ALFREDO,H,H
PARTIDO DEL TRABAJO,17,SENADORES RP,MENDEZ MENDEZ PATRICIA ELIDE,HERNANDEZ DE LA CRUZ ERIKA,M,M
PARTIDO DEL TRABAJO,18,SENADORES RP,LOPEZ BARRERA LUIS FABRICIO,DE LA ROSA ALVARADO JOEL,H,H
PARTIDO DEL TRABAJO,19,SENADORES RP,RODRIGUEZ MARTINEZ MIRIAM CAROLINA,CAAMAL SERRA YRMA TERESA,M,M
PARTIDO DEL TRABAJO,20,SENADORES RP,CASTILLO OJEDA FRANCISCO RAMON,CASTILLO VALLE JHONATAN FRANCISCO,H,H
PARTIDO DEL TRABAJO,21,SENADORES RP,CARRILLO SOSA MARIA ELENA,DIAZ LEON BEATRIZ DEL CARMEN,M,M
PARTIDO DEL TRABAJO,22,SENADORES RP,ACUÑA ARVALLO ENRIQUE ADIEL,BARRERA GARCIA ELISEO,H,H
PARTIDO DEL TRABAJO,23,SENADORES RP,PAREDES DE LA CRUZ DIANA YIRHAT,CONTRERAS GARCIA MARIA ANTONIA,M,M
PARTIDO DEL TRABAJO,24,SENADORES RP,LOPEZ DUARTE JOSE,LARA VAZQUEZ ATANACIO ANTONIO,H,H
PARTIDO DEL TRABAJO,25,SENADORES RP,ESCOBAR COTA DANIELA MARGARITA,BRAVO GONZALEZ IREM JANSEN,M,M
PARTIDO DEL TRABAJO,26,SENADORES RP,OSORIO LIZAMA VICTOR MANUEL,TRINIDAD LOPEZ ANDIYOEL,H,H
PARTIDO DEL TRABAJO,27,SENADORES RP,MARQUEZ AGUIRRE MARIA DE LOURDES,ALDRETE ESTALA ALEJANDRA,M,M
PARTIDO DEL TRABAJO,28,SENADORES RP,ROBLES RODRIGUEZ JUAN JAIME,ARROYO TORRES ANGEL DE JESUS,H,H
PARTIDO DEL TRABAJO,29,SENADORES RP,ROSILES DURAN ELIZABETH,ESCOBEDO ZAVALETA ERENDIRA,M,M
PARTIDO DEL TRABAJO,30,SENADORES RP,SANCHEZ VILLALVAZO HECTOR FERNANDO,BUSTAMANTE HERNANDEZ ALEJANDRO,H,H
PARTIDO DEL TRABAJO,31,SENADORES RP,CRUZ MONTENEGRO RUBI MARIBEL,CANTARELL RODRIGUEZ ELBA DEL SOCORRO,M,M
PARTIDO DEL TRABAJO,32,SENADORES RP,FRIAS HERNANDEZ ABEL,AVILA ESPINDOLA JOSE DANIEL,H,H
PARTIDO VERDE ECOLOGISTA DE MÉXICO,1,SENADORES RP,LAGUNES SOTO RUÍZ ALEJANDRA,GARCÍA TREVIÑO DANIELA,M,M
PARTIDO VERDE ECOLOGISTA DE MÉXICO,2,SENADORES RP,VELASCO COELLO MANUEL,MURAT HINOJOSA EDUARDO ENRIQUE,H,H
PARTIDO VERDE ECOLOGISTA DE MÉXICO,3,SENADORES RP,BENAVIDES COBOS GABRIELA,RAMIREZ ZOLLINO ANDREA GERALDINE,M,M
PARTIDO VERDE ECOLOGISTA DE MÉXICO,4,SENADORES RP,AREVALO GONZALEZ JOSE ANTONIO,CERNA HERNANDEZ EDGAR SAUL,H,H
PARTIDO VERDE ECOLOGISTA DE MÉXICO,5,SENADORES RP,GONZALEZ CERVANTES GERALDINE,ANGULO GASTELUM ADILENE,M,M
PARTIDO VERDE ECOLOGISTA DE MÉXICO,6,SENADORES RP,LIRA ALVAREZ MARTIN DE LA CRUZ,DELGADILLO CERVANTES JOSE LUIS,H,H
PARTIDO VERDE ECOLOGISTA DE MÉXICO,7,SENADORES RP,CAMPOS DE LA FUENTE MARIA PATRICIA,AGUAYO MORALES NORMA VIVIANA,M,M
PARTIDO VERDE ECOLOGISTA DE MÉXICO,8,SENADORES RP,RODRIGUEZ LÓPEZ PEDRO,PEREZ VALERO ERICK ALEJANDRO,H,H
PARTIDO VERDE ECOLOGISTA DE MÉXICO,9,SENADORES RP,VELAZQUEZ CRUZ IVANA MARCELA,TAMAYO ESPINDOLA DANIELA LORENA,M,M
PARTIDO VERDE ECOLOGISTA DE MÉXICO,10,SENADORES RP,GONZÁLEZ MARTÍNEZ JOSE,VAZQUEZ ALEGRIA WILBER,H,H
PARTIDO VERDE ECOLOGISTA DE MÉXICO,11,SENADORES RP,GONZALEZ BARCELO YOLANDA DEL SOCORRO,SANCHEZ ESPINOZA NADIA,M,M
PARTIDO VERDE ECOLOGISTA DE MÉXICO,12,SENADORES RP,CASTAÑEDA IBARRA JAVIER,GARCIA TALAVERA HUMBERTO,H,H
PARTIDO VERDE ECOLOGISTA DE MÉXICO,13,SENADORES RP,PRECIADO CANDELARIO YOLANDA,NANDO PRECIADO MELBA PATRICIA,M,M
PARTIDO VERDE ECOLOGISTA DE MÉXICO,14,SENADORES RP,CARRILLO FLORES FRANCISCO ALEJANDRO,CASTILLO RODRÍGUEZ JORGE ALONSO,H,H
PARTIDO VERDE ECOLOGISTA DE MÉXICO,15,SENADORES RP,GUADARRAMA ZARATE MARIA GUADALUPE,GARCIA GARCIA LORENZA,M,M
PARTIDO VERDE ECOLOGISTA DE MÉXICO,16,SENADORES RP,GUIJARRO HERNANDEZ JOSE LUIS,REYES PALACIOS ALBERTO,H,H
PARTIDO VERDE ECOLOGISTA DE MÉXICO,17,SENADORES RP,OREGEL CASTILLO MARICELA,VEGA BIESTRO JOANNA ALEJANDRA,M,M
PARTIDO VERDE ECOLOGISTA DE MÉXICO,18,SENADORES RP,HURTADO SANCHEZ RAUL,DEL CASTILLO ROMERO ALFONSO,H,H
PARTIDO VERDE ECOLOGISTA DE MÉXICO,19,SENADORES RP,SÁNCHEZ LÓPEZ NORMA ANAY,ZAMBRANO MORALES GLORIA,M,M
PARTIDO VERDE ECOLOGISTA DE MÉXICO,20,SENADORES RP,SANCHEZ BALLESTEROS SANTIAGO,TORRE AYALA JORGE,H,H
PARTIDO VERDE ECOLOGISTA DE MÉXICO,21,SENADORES RP,SANTANA DUARTE GABRIELA DEL ROSARIO,PECH PATRON TERESA DE JESUS,M,M
PARTIDO VERDE ECOLOGISTA DE MÉXICO,22,SENADORES RP,REYES FLORES MARTIN,GONZALEZ SALAZAR ISAURO JAVIER,H,H
PARTIDO VERDE ECOLOGISTA DE MÉXICO,23,SENADORES RP,RAMIREZ HERNANDEZ LILIANA,RIVERA GARCIA MARIA ALONDRA,M,M
PARTIDO VERDE ECOLOGISTA DE MÉXICO,24,SENADORES RP,BARRERA NOVELO FERNANDO JOSÉ,AGUILAR MUÑOZ HECTOR,H,H
PARTIDO VERDE ECOLOGISTA DE MÉXICO,25,SENADORES RP,QUIJANO OJEDA CINTHIA DEL SOCORRO,CAMPOS SANDOVAL MABEL,M,M
PARTIDO VERDE ECOLOGISTA DE MÉXICO,26,SENADORES RP,RUIZ MACARIO ESTEBAN,QUINTERO UGALDE CESAR ALBERTO,H,H
PARTIDO VERDE ECOLOGISTA DE MÉXICO,27,SENADORES RP,ANZALMETTI GUTIERREZ MYRNA,SILVA BARRIOS ILLIANA,M,M
PARTIDO VERDE ECOLOGISTA DE MÉXICO,28,SENADORES RP,RIVERA VILLEGAS JUAN JESUS,FLORES LIMA MIGUEL,H,H
PARTIDO VERDE ECOLOGISTA DE MÉXICO,29,SENADORES RP,VAZQUEZ CRUZ MIRIAM,RODRIGUEZ TRANCOSO SUSANA,M,M
PARTIDO VERDE ECOLOGISTA DE MÉXICO,30,SENADORES RP,MUÑOZ BURGOS ARTURO,CAMACHO PRIMERO ALEJANDRO,H,H
PARTIDO VERDE ECOLOGISTA DE MÉXICO,31,SENADORES RP,MONTES CAMACHO ANA MARIA,RAMIREZ MARTINEZ GABRIELA,M,M
PARTIDO VERDE ECOLOGISTA DE MÉXICO,32,SENADORES RP,DÍAZ QUEVEDO LUIS,JUÁREZ AGUIRRE MANUEL ALEJANDRO,H,H
MOVIMIENTO CIUDADANO,1,SENADORES RP,MERCADO CASTRO DORA PATRICIA,ORTEGA DE LA CRUZ JESSICA MARIA GUADALUPE,M,M
MOVIMIENTO CIUDADANO,2,SENADORES RP,DELGADO RANNAURO DANTE ALFONSO,GARCIA SEPULVEDA SAMUEL ALEJANDRO,H,H
MOVIMIENTO CIUDADANO,3,SENADORES RP,ORANTES LOPEZ MARIA ELENA,DELGADILLO GARCIA VERONICA,M,M
MOVIMIENTO CIUDADANO,4,SENADORES RP,CHANONA BURGUETE ALEJANDRO,SAMPERIO MONTAÑO JUAN IGNACIO,H,H
MOVIMIENTO CIUDADANO,5,SENADORES RP,AVILA GARCIA VANIA ROXANA,LANDA GUERRERO NANCY YAEL,M,M
MOVIMIENTO CIUDADANO,6,SENADORES RP,VELASCO OLIVA JESUS CUAUHTEMOC,BASTIDA RODRIGUEZ JORGE,H,H
MOVIMIENTO CIUDADANO,7,SENADORES RP,FREGOSO ORTIZ MAGALY,RODRIGUEZ DE L´ORME NIKOL CARMEN,M,M
MOVIMIENTO CIUDADANO,8,SENADORES RP,MELO VELAZQUEZ JOSE FRANCISCO,TLAXCALTECO HERNANDEZ ALBERTO,H,H
MOVIMIENTO CIUDADANO,9,SENADORES RP,ABAROA LOPEZ MARIA ELENA,AVILES OSUNA MITZI,M,M
MOVIMIENTO CIUDADANO,10,SENADORES RP,ZUBIETA LOPEZ MARIO ALBERTO,MARTINEZ HERNANDEZ FRANCISCO JAVIER,H,H
MOVIMIENTO CIUDADANO,11,SENADORES RP,MACIAS CAMACHO IRMA BEATRIZ,LUNA OLVERA VIRGINIA,M,M
MOVIMIENTO CIUDADANO,12,SENADORES RP,NEGRETE DE ALBA MIGUEL ERNESTO,ELORRIAGA GONZALEZ ALFONSO REGINO,H,H
MOVIMIENTO CIUDADANO,13,SENADORES RP,BARAJAS RIVAS LILYANA,GUEVARA ROMO NALLELY,M,M
MOVIMIENTO CIUDADANO,14,SENADORES RP,CASTILLO LARA JUAN MIGUEL,MUÑIZ ORTIZ ALFREDO CUAUHTEMOC,H,H
MOVIMIENTO CIUDADANO,15,SENADORES RP,ROMERO BERRUECOS REBECA,FLORES BERRUECOS YENI,M,M
MOVIMIENTO CIUDADANO,16,SENADORES RP,CABALLERO MUÑOZ MARCOS,JARAMILLO BURIAN JOSUE,H,H
MOVIMIENTO CIUDADANO,17,SENADORES RP,DURAN GOMEZ DORA YAJAIRA,GUTIERREZ RODRIGUEZ DORA AMELIA,M,M
MOVIMIENTO CIUDADANO,18,SENADORES RP,CARBAJAL TERAN PEDRO ANTONIO,VILLARREAL HERRERA MARCO ANTONIO,H,H
MOVIMIENTO CIUDADANO,19,SENADORES RP,CANCELADO,CARRILLO MORENO MARCELINA,M,M
MOVIMIENTO CIUDADANO,20,SENADORES RP,ORTIZ FUENTES LEOBARDO,BRISEÑO MORALES LUIS ALBERTO,H,H
MOVIMIENTO CIUDADANO,21,SENADORES RP,CARDENAS SILVA ANGELICA ROSALIA,CABRERA LOMELI NADIA JACQUELINE,M,M
MOVIMIENTO CIUDADANO,22,SENADORES RP,BOJALIL ZACARIAS EDMOND ASSAD,ALCANTARA SUAREZ VICTOR HUGO,H,H
MOVIMIENTO CIUDADANO,23,SENADORES RP,PARRA PEREA BLANCA ELIZABETH,MORENO AGUILAR MIRTHA ROCIO,M,M
MOVIMIENTO CIUDADANO,24,SENADORES RP,GARCIA CORDOVA JAVIER,HURTADO CHAVEZ LUIS ROBERTO,H,H
MOVIMIENTO CIUDADANO,25,SENADORES RP,LOPEZ VELAZQUEZ IRMA YOLANDA,SEVILLA SERNA MARIA MAGDALENA,M,M
MOVIMIENTO CIUDADANO,26,SENADORES RP,BARAJAS DOCTOR FERNANDO DE JESUS,OCHOA CRESPO JORGE LUIS,H,H
MOVIMIENTO CIUDADANO,27,SENADORES RP,HERNANDEZ REYES ISIS STEPHANIE,HERNANDEZ REYES PAOLA JACQUELINE,M,M
MOVIMIENTO CIUDADANO,28,SENADORES RP,ANGULO GARCIA JORGE ALBERTO,CICERO RIVERA CARLOS MANUEL,H,H
MOVIMIENTO CIUDADANO,29,SENADORES RP,ESTRADA ALFARO IRMA WENDOLIN,CORTES MERCADO ALICIA,M,M
MOVIMIENTO CIUDADANO,30,SENADORES RP,CHANONA PEREZ HERMINIO FERNANDO,NAVA DECTOR JESUS AURELIO,H,H
MOVIMIENTO CIUDADANO,31,SENADORES RP,SANCHEZ LARA BERTHA ALICIA,FERNANDEZ CARO LAURA ELENA,M,M
MOVIMIENTO CIUDADANO,32,SENADORES RP,CANCELADO,AVILA SANCHEZ JAVIER,H,H
NUEVA ALIANZA,1,SENADORES RP,LUNA RODRIGUEZ SILVIA,TALAMANTE LEMAS DORA MARIA GUADALUPE,M,M
NUEVA ALIANZA,2,SENADORES RP,RODRIGUEZ GARCIA NOE,VARGAS CERVANTES RIGOBERTO,H,H
NUEVA ALIANZA,3,SENADORES RP,IZQUIERDO HERRERA KATYA,ESTRADA PEREZ ESMERALDA,M,M
NUEVA ALIANZA,4,SENADORES RP,RAMIREZ SANCHEZ MIGUEL,SAN MARTIN JARAMILLO JAVIER,H,H
NUEVA ALIANZA,5,SENADORES RP,LOPEZ MARAÑON ADRIANA,GODOY SERRANO NADIA ANAID,M,M
NUEVA ALIANZA,6,SENADORES RP,CAMPOS VELARDE EZEQUIEL,SALAZAR MEZA JOSE REFUGIO,H,H
NUEVA ALIANZA,7,SENADORES RP,FLORES PABLO NORMA VERÓNICA,MENDEZ CARIO KARLA GUADALUPE,M,M
NUEVA ALIANZA,8,SENADORES RP,CERRO LOZANO ENRIQUE ALEJANDRO,VELAZQUEZ MARTINEZ HECTOR AIRAM,H,H
NUEVA ALIANZA,9,SENADORES RP,SANTANA TURRUBIATES HILDA GRACIELA,IZAGUIRRE PEREZ NEREYDA,M,M
NUEVA ALIANZA,10,SENADORES RP,COOPER BARRERA DIEGO ALEJANDRO,SOTO ZUÑIGA JOSE ANGEL,H,H
NUEVA ALIANZA,11,SENADORES RP,LOPEZ GARCIA MARITZA,OSORNO GONZALEZ NELLY ELVIRA,M,M
NUEVA ALIANZA,12,SENADORES RP,CEDEÑO ALFONSO ALEXIS,BETANZOS LOPEZ ABRAHAM,H,H
NUEVA ALIANZA,13,SENADORES RP,MENA PASTRANO AURORA DEL ROCIO,DIAZ RIVERA MARTHA ELIZABETH,M,M
NUEVA ALIANZA,14,SENADORES RP,IBAÑEZ AVENDAÑO GONZALO DE JESUS,HERNANDEZ PEREZ RAMON,H,H
NUEVA ALIANZA,15,SENADORES RP,MARTINEZ DIAZ MARIA GUADALUPE,DIAZ GRANILLO MARIA DEL SAGRARIO,M,M
NUEVA ALIANZA,16,SENADORES RP,GONZALEZ GARCIA ULISES,ORTIZ REGALADO JULIO CESAR,H,H
NUEVA ALIANZA,17,SENADORES RP,URQUIZU GRAJEDA MA. DEL SOCORRO,RIOS GANDARA MAYRA,M,M
NUEVA ALIANZA,18,SENADORES RP,MONRREAL GASTELUM EFRAIN,RODRIGUEZ MONTES JORGE ALEJANDRO,H,H
NUEVA ALIANZA,19,SENADORES RP,SILVA VARGAS ANA KAREN,CRUZ GOMEZ LORENA,M,M
NUEVA ALIANZA,20,SENADORES RP,ALVA VALLECILLO BENJAMIN,MARMOLEJO CERVANTES FERNANDO,H,H
NUEVA ALIANZA,21,SENADORES RP,GUERRA BOCARDO AZALIA ACENETH,ORONA CAMACHO MARIA GUADALUPE,M,M
NUEVA ALIANZA,22,SENADORES RP,CERVANTES LEZAMA ELIAS,BARRAGAN MEZA ADALBERTO,H,H
NUEVA ALIANZA,23,SENADORES RP,VELAZQUEZ PEREZ ROSALBA,HORCASITAS DE LA ROSA DULCE MARIELA,M,M
NUEVA ALIANZA,24,SENADORES RP,NUÑEZ MURGUIA JOSE JAIME,CARRILLO PRECIADO CARLOS HUGO,H,H
NUEVA ALIANZA,25,SENADORES RP,ARANGO SANTANA ELIZABETH GUADALUPE,BAUTISTA PANE GUADALUPE,M,M
NUEVA ALIANZA,26,SENADORES RP,PEREZ MENDIETA LEOPOLDO,MORALES MONTES DE OCA ELIEZER,H,H
NUEVA ALIANZA,27,SENADORES RP,MARTINEZ RAMIREZ IVON,SAUCEDO VENEGAS MA. SOLEDAD,M,M
NUEVA ALIANZA,28,SENADORES RP,ESQUER GALAVIZ CARLOS MANUEL,DUARTE SANTACRUZ ANSELMO RAFAEL,H,H
NUEVA ALIANZA,29,SENADORES RP,CONTRERAS RICALDE ELVIA ESTHER,CARRILLO PEREZ LIA ELIZABETH,M,M
NUEVA ALIANZA,30,SENADORES RP,RIVERO OSORIO LUIS GUSTAVO,SOSA AVILA CARLOS ALFREDO,H,H
NUEVA ALIANZA,31,SENADORES RP,LOPEZ BUSTOS ENRIQUETA,AGUILETA COBOS CARMEN BEATRIZ,M,M
NUEVA ALIANZA,32,SENADORES RP,CHAVEZ SOLIS JUAN FRANCISCO DE ASIS,MERITO LEON MARIO,H,H
MORENA,1,SENADORES RP,PIÑA GUDIÑO BLANCA ESTELA,VAZQUEZ ALATORRE ANTARES GUADALUPE,M,M
MORENA,2,SENADORES RP,OSTOA ORTEGA ANIBAL,VASCONCELOS Y CRUZ HECTOR ENRIQUE,H,H
MORENA,3,SENADORES RP,SANCHEZ CORDERO DAVILA OLGA MARIA DEL CARMEN,RODRIGUEZ RAMIREZ LAURA MARIA DE JESUS,M,M
MORENA,4,SENADORES RP,MONREAL AVILA RICARDO,ROJAS DIAZ DURAN ALEJANDRO,H,H
MORENA,5,SENADORES RP,MARTINEZ Y HERNANDEZ IFIGENIA MARTHA,LUJAN URANGA BERTHA ELENA,M,M
MORENA,6,SENADORES RP,GÓMEZ URRUTIA NAPOLEÓN,PEREZ ALVARADO CANDELARIO,H,H
MORENA,7,SENADORES RP,VILLEGAS CANCHE FREYDA MARYBEL,MORA ARELLANO ELVIA MARCELA,M,M
MORENA,8,SENADORES RP,MARTINEZ CAZARES GERMAN,HACES BARBA PEDRO MIGUEL,H,H
MORENA,9,SENADORES RP,SALGADO GARCÍA NESTORA,AVILA VAZQUEZ KATYA ELIZABETH,M,M
MORENA,10,SENADORES RP,ALVAREZ LIMA JOSE ANTONIO CRUZ,CANCELADO,H,H
MORENA,11,SENADORES RP,CASTRO CASTRO IMELDA,ROMO MOLINA EUNICE RENATA,M,M
MORENA,12,SENADORES RP,MENDEZ ORTIZ CASIMIRO,PANTOJA ARZOLA ROBERTO,H,H
MORENA,13,SENADORES RP,BALDERAS ESPINOZA CLAUDIA ESTHER,VIVEROS CHAZARO TANYA CAROLA,M,M
MORENA,14,SENADORES RP,GARCIA HERNANDEZ GABRIEL,PEÑA VILLA JOSE ALEJANDRO,H,H
MORENA,15,SENADORES RP,AGUILAR CASTILLO SANTA AGUSTINA,MORALES BUSTAMANTE LUZ MARINA,M,M
MORENA,16,SENADORES RP,HOLGUIN FRANCO OMAR,ALBAVERA VELAZQUEZ JOSE APOLONIO,H,H
MORENA,17,SENADORES RP,ARGUETA BELLO GRACIELA,GONZALEZ CABALLERO MARIA EUGENIA,M,M
MORENA,18,SENADORES RP,ESQUINCA KOBEH JOSE RANULFO,CUNDAPI NUÑEZ ALBERTO ,H,H
MORENA,19,SENADORES RP,ASID GAYTAN MARTHA BEATRIZ,ROJAS NAVARRETE KARLA ANDREA,M,M
MORENA,20,SENADORES RP,MUÑOZ GOMEZ RAFAEL,HERNANDEZ PUENTE JOSE ANGEL,H,H
MORENA,21,SENADORES RP,NAMBO CADEZA YANETH,PEÑALOZA ZARATE CAROLINA,M,M
MORENA,22,SENADORES RP,LARA MENDOZA JULIO VINICIO,PEÑAFIEL SOTO CARLOS,H,H
MORENA,23,SENADORES RP,VAZQUEZ DE LA ROSA LUCRECIA,MONTES VILLALVA MARGARITA,M,M
MORENA,24,SENADORES RP,DE LA GARZA BARROSO HECTOR FERNANDO,COELLO PEDRERO FERNANDO HUMBERTO,H,H
MORENA,25,SENADORES RP,MORALES CRUZ ADELA,CORPUS ESCOBEDO ERIKA DEL ROCIO,M,M
MORENA,26,SENADORES RP,JACQUES Y MEDINA JOSE,SOTO DAVILA CARLOS,H,H
MORENA,27,SENADORES RP,ESTRADA CUELLAR LAURA AURORA,GARCIA RODRIGUEZ OLINALZIN TABITHA,M,M
MORENA,28,SENADORES RP,MAYORQUIN CARRILLO NAYAR,RODRIGUEZ MURRAY HUGO ALBERTO,H,H
MORENA,29,SENADORES RP,ARIAS GONZALEZ MARTHA ELENA,GONZALEZ LUNA KARINA ROCIO,M,M
MORENA,30,SENADORES RP,PEÑALOZA AGAMA MARCIANO NICOLAS,ESTRADA MEJIA CARLOS ALBERTO,H,H
MORENA,31,SENADORES RP,CORTES HERNANDEZ GEMA DEL CARMEN,BERAUD OSORIO NOHEMI VERONICA,M,M
MORENA,32,SENADORES RP,FLORES HERNANDEZ ISRAEL,LARA TOLEDO MANUEL,H,H
ENCUENTRO SOCIAL ,1,SENADORES RP,SARUR TORRE ADRIANA,MARTINEZ GUZMAN NORMA EDITH,M,M
ENCUENTRO SOCIAL ,2,SENADORES RP,PINEDA MORIN ABDIES,RODRIGUEZ RANGEL RIGOBERTO,H,H
ENCUENTRO SOCIAL ,3,SENADORES RP,DIAZ DELGADO BLANCA JUDITH,MARTINEZ MARTINEZ MARTHA ELVA,M,M
ENCUENTRO SOCIAL ,4,SENADORES RP,FERREIRO VELAZCO JOSE ALFREDO,HERNANDEZ HERNANDEZ INOCENCIO JUVENCIO,H,H
ENCUENTRO SOCIAL ,5,SENADORES RP,ARREGUI GUERRERO AIDA,AVONCE TRUJILLO MA DEL ROCIO,M,M
ENCUENTRO SOCIAL ,6,SENADORES RP,NAVAS RUIZ NAHUM,MARTINEZ MARTINEZ DANIEL,H,H
ENCUENTRO SOCIAL ,7,SENADORES RP,OLLERVIDES GONZALEZ ALMA ROSA,GARCIA CASTAÑEDA LILIANN KRISSTEL,M,M
ENCUENTRO SOCIAL ,8,SENADORES RP,SANTANA MONTES MARCOS,BALTAZAR GOMEZ ALFREDO SALOME,H,H
ENCUENTRO SOCIAL ,9,SENADORES RP,SANCHEZ GUZMAN YOLANDA,TONCHE CHAVEZ TOMASA,M,M
ENCUENTRO SOCIAL ,10,SENADORES RP,MORALES REYNOSO MARIO ALBERTO,HERNANDEZ ALONSO JACOBO DANIEL,H,H
ENCUENTRO SOCIAL ,11,SENADORES RP,ROBLES ALTAMIRANO CONCEPCIÓN SOFIA,RUIZ ACEVEDO MARIA TERESA,M,M
ENCUENTRO SOCIAL ,12,SENADORES RP,PEREZ ALBARRAN JESUS,ZARATE SANCHEZ JOSE,H,H
ENCUENTRO SOCIAL ,13,SENADORES RP,CERVANTES ARREDONDO RUTH,NUÑEZ GALLEGOS LUCIA JANETTE,M,M
ENCUENTRO SOCIAL ,14,SENADORES RP,HERNANDEZ ESPINOZA LUIS LINO,ACEVES BRAVO FELIX ANDRES,H,H
ENCUENTRO SOCIAL ,15,SENADORES RP,CISNEROS RODRIGUEZ MARIA DEL REFUGIO,GURRION MORENO JANICE THALIA,M,M
ENCUENTRO SOCIAL ,16,SENADORES RP,TOSTADO LUNA SERGIO,SOTO MITRE TOMAS,H,H
ENCUENTRO SOCIAL ,17,SENADORES RP,VAZQUEZ HIDALGO IRMA,HERNANDEZ ZAMURA JUANA RUTH,M,M
ENCUENTRO SOCIAL ,18,SENADORES RP,MIRANDA HURTADO FRANCISCO,SALAS ORTEGA LUIS ENRIQUE,H,H
ENCUENTRO SOCIAL ,19,SENADORES RP,GALAZ ORTEGA SILVIA GUADALUPE,GUERRERO HERNANDEZ EDNA LUZ,M,M
ENCUENTRO SOCIAL ,20,SENADORES RP,AGUILAR CARRILLO VICTOR MANUEL,LEON ORDOÑEZ LUIS ALFONSO,H,H
ENCUENTRO SOCIAL ,21,SENADORES RP,CASANOVA UC DULCE AURORA,MAGARIÑO HERNANDEZ ROSAURA,M,M
ENCUENTRO SOCIAL ,22,SENADORES RP,CELADA CASTRO RAFAEL HANZEL,NEGRETE GUZMAN RODRIGO,H,H
ENCUENTRO SOCIAL ,23,SENADORES RP,OLVERA CORDERO CLAUDIA,VILLALBA LOBATON ANA KAREN,M,M
ENCUENTRO SOCIAL ,24,SENADORES RP,LOPEZ OLIVAS JESUS,CARDIEL SOTO HECTOR SENDEL,H,H
ENCUENTRO SOCIAL ,25,SENADORES RP,PAREDES FLORES ANA CRISTINA,OJEDA MANZANILLA ANA JULIA,M,M
ENCUENTRO SOCIAL ,26,SENADORES RP,ESCOBOZA PESTAÑO FRANCISCO,ESPINOZA TAPIA FRANCISCO JAVIER,H,H
ENCUENTRO SOCIAL ,27,SENADORES RP,ZARATE SANCHEZ MA. VERONICA,APARICIO GARCIA MARIA DE JESUS,M,M
ENCUENTRO SOCIAL ,28,SENADORES RP,ORTIZ CELAYA JUAN CARLOS,VIDAL ROSIQUE ERNESTO ALONSO,H,H
ENCUENTRO SOCIAL ,29,SENADORES RP,CARCAMO JUAREZ YASMIN,GONZALEZ CASTILLO LESLIE CASANDRA,M,M
ENCUENTRO SOCIAL ,30,SENADORES RP,MONTIEL SANCHEZ JOSE,SASTRE PEREZ ALBERTO,H,H
ENCUENTRO SOCIAL ,31,SENADORES RP,VALENZUELA VALENZUELA MARIA ELENA,ELENES VALENZUELA ELSA GUADALUPE,M,M
ENCUENTRO SOCIAL ,32,SENADORES RP,REYES CERVANTES ALFREDO,OCAMPO VEGA ISAAC,H,H