ESTADO_ELECCION,NOMBRE_ASOCIACION,NUMERO_LISTA,TIPO_CANDIDATURA_PROP,NOMBRE_PROPIETARIO,NOMBRE_SUP,SEXO_PROP,SEXO_SUP
MORELOS,PARTIDO ACCIÓN NACIONAL,1,SENADORES MR,CORTES MARTINEZ ERIKA,AYALA PINO EVELYN ANEL,M,M
MORELOS,PARTIDO ACCIÓN NACIONAL,2,SENADORES MR,AGUILAR CONTRERAS JOSE FRANCISCO,QUEVEDO NUÑEZ SERGIO RENE,H,H
NUEVO LEON,PARTIDO ACCIÓN NACIONAL,1,SENADORES MR,FUENTES SOLIS VICTOR OSWALDO,GONZALEZ DELGADILLO JESUS HORACIO,H,H
NUEVO LEON,PARTIDO ACCIÓN NACIONAL,2,SENADORES MR,SADA ALANIS ALEJANDRA MARIA,SADA PEREZ VERONICA,M,M
AGUASCALIENTES,PARTIDO REVOLUCIONARIO INSTITUCIONAL,1,SENADORES MR,MARTINEZ RODRIGUEZ LORENA,MUÑOZ MORENO ANAYELI,M,M
AGUASCALIENTES,PARTIDO REVOLUCIONARIO INSTITUCIONAL,2,SENADORES MR,GRANADOS CORZO GUSTAVO ADOLFO,FEMATT TORRES RICARDO ALFREDO,H,H
BAJA CALIFORNIA,PARTIDO REVOLUCIONARIO INSTITUCIONAL,1,SENADORES MR,ARREGUI IBARRA ALEJANDRO,MURGUIA OROZCO ALBERTO,H,H
BAJA CALIFORNIA,PARTIDO REVOLUCIONARIO INSTITUCIONAL,2,SENADORES MR,PEREZ FLORIANO JUANA LAURA,GONZALEZ ELIZONDO CLAUDIA,M,M
BAJA CALIFORNIA SUR,PARTIDO REVOLUCIONARIO INSTITUCIONAL,1,SENADORES MR,VALDIVIA ALVARADO JUAN ALBERTO FEDERICO,OLACHEA PEDRIN MIGUEL ANGEL,H,H
BAJA CALIFORNIA SUR,PARTIDO REVOLUCIONARIO INSTITUCIONAL,2,SENADORES MR,HIRALES MEZA CLAUDIA LETICIA,ESCOBOSA HACH IRMA PAOLA,M,M
CHIHUAHUA,PARTIDO REVOLUCIONARIO INSTITUCIONAL,1,SENADORES MR,BAEZA TERRAZAS JOSE REYES,MELENDEZ ORTEGA JUAN ANTONIO,H,H
CHIHUAHUA,PARTIDO REVOLUCIONARIO INSTITUCIONAL,2,SENADORES MR,ZAPATA LUCERO ANA GEORGINA,DIAZ GUERRA MAYRA,M,M
CIUDAD DE MEXICO,PARTIDO REVOLUCIONARIO INSTITUCIONAL,1,SENADORES MR,PAGES LLERGO REBOLLAR MARIA BEATRIZ,CARRILLO SALINAS GLORIA,M,M
CIUDAD DE MEXICO,PARTIDO REVOLUCIONARIO INSTITUCIONAL,2,SENADORES MR,ALFARO CAZARES JOSE ENCARNACION,MALDONADO CASTORENA JOSE LUIS,H,H
DURANGO,PARTIDO REVOLUCIONARIO INSTITUCIONAL,1,SENADORES MR,REBOLLO MENDOZA MARIA DEL ROCIO,IBARRA AVALOS ALIA LORENA,M,M
DURANGO,PARTIDO REVOLUCIONARIO INSTITUCIONAL,2,SENADORES MR,LOPEZ PESCADOR JOSE RICARDO,AVILA GALINDO MANUEL JESUS,H,H
GUANAJUATO,PARTIDO REVOLUCIONARIO INSTITUCIONAL,1,SENADORES MR,ETCHEVERRY ARANDA AZUL,MORAN GONZALEZ ALMA EVELIA,M,M
GUANAJUATO,PARTIDO REVOLUCIONARIO INSTITUCIONAL,2,SENADORES MR,ZAVALA PROCELL JOSE GERARDO,MENDEZ PEREZ DENNY GIOVANI,H,H
JALISCO,PARTIDO REVOLUCIONARIO INSTITUCIONAL,1,SENADORES MR,CORONA NAKAMURA MARIA DEL ROCIO,GARCIA CARREON ELVIA DORA,M,M
JALISCO,PARTIDO REVOLUCIONARIO INSTITUCIONAL,2,SENADORES MR,CONTRERAS ZEPEDA HUGO,GONZALEZ APODACA JORGE ANGEL,H,H
MICHOACAN,PARTIDO REVOLUCIONARIO INSTITUCIONAL,1,SENADORES MR,IXTLAHUAC ORIHUELA JUAN ANTONIO,CHAVEZ HERRERA AURELIO,H,H
MICHOACAN,PARTIDO REVOLUCIONARIO INSTITUCIONAL,2,SENADORES MR,RUIZ GONZALEZ XOCHITL GABRIELA,SANCHEZ CACHU MONICA BERENICE,M,M
NAYARIT,PARTIDO REVOLUCIONARIO INSTITUCIONAL,1,SENADORES MR,BUGARIN RODRIGUEZ JASMINE MARIA,PARTIDA GUZMAN MARTHA ROCIO,M,M
NAYARIT,PARTIDO REVOLUCIONARIO INSTITUCIONAL,2,SENADORES MR,NARVAEZ NAVARRO MANUEL,MEJIA SORIA JOSE MARTIN,H,H
NUEVO LEON,PARTIDO REVOLUCIONARIO INSTITUCIONAL,1,SENADORES MR,MENDOZA GARZA JORGE,OLAIZ ORTIZ EDGAR RODOLFO,H,H
NUEVO LEON,PARTIDO REVOLUCIONARIO INSTITUCIONAL,2,SENADORES MR,DE LOS SANTOS GONZALEZ MARTHA,CANO LOPEZ LORENA,M,M
PUEBLA,PARTIDO REVOLUCIONARIO INSTITUCIONAL,1,SENADORES MR,LASTIRI QUIROS JUAN CARLOS,CELIS AGUIRRE JUAN MANUEL,H,H
PUEBLA,PARTIDO REVOLUCIONARIO INSTITUCIONAL,2,SENADORES MR,CEJA GARCIA XITLALIC,JUAREZ GARCIA MARIA GUADALUPE GRACIELA,M,M
QUERETARO,PARTIDO REVOLUCIONARIO INSTITUCIONAL,1,SENADORES MR,LUQUE HUDSON ERNESTO,CALZADA MERCADO MIGUEL,H,H
QUERETARO,PARTIDO REVOLUCIONARIO INSTITUCIONAL,2,SENADORES MR,SILVA SOLORZANO ANA BERTHA,TEJEIDA RIVAS MA ISABEL EMMA,M,M
TABASCO,PARTIDO REVOLUCIONARIO INSTITUCIONAL,1,SENADORES MR,GIL JIMENEZ CANDITA VICTORIA,BOCANEGRA BROCA YRMA DEL CARMEN,M,M
TABASCO,PARTIDO REVOLUCIONARIO INSTITUCIONAL,2,SENADORES MR,ANDRADE DIAZ MANUEL,ROSIQUE LEON DIEGO,H,H
TAMAULIPAS,PARTIDO REVOLUCIONARIO INSTITUCIONAL,1,SENADORES MR,ABDALA CARMONA YAHLEEL,HERRERA GUEVARA ANA MARIA,M,M
TAMAULIPAS,PARTIDO REVOLUCIONARIO INSTITUCIONAL,2,SENADORES MR,GUEVARA COBOS LUIS ALEJANDRO,ACEBO SALAMAN JESUS GUILLERMO,H,H
MORELOS,PARTIDO DE LA REVOLUCIÓN DEMOCRÁTICA,1,SENADORES MR,FIGUEROA PERALTA HORTENCIA,DOMINGUEZ RIVERA MARIA TERESA,M,M
MORELOS,PARTIDO DE LA REVOLUCIÓN DEMOCRÁTICA,2,SENADORES MR,CALVO HUERTA RICARDO,FLORES MIRANDA PASCUAL,H,H
NUEVO LEON,PARTIDO DE LA REVOLUCIÓN DEMOCRÁTICA,1,SENADORES MR,MEDINA MARTINEZ JOSE ROBERTO,GOMEZ VILLAREAL JOSE ANTONIO,H,H
NUEVO LEON,PARTIDO DE LA REVOLUCIÓN DEMOCRÁTICA,2,SENADORES MR,GARZA SALINAS THELMA CORA,GUAJARDO BUERON RAQUEL,M,M
HIDALGO,PARTIDO DEL TRABAJO,1,SENADORES MR,JIMENEZ RAMIREZ MAXIMO,YAÑEZ MUÑIZ JORGE ANTONIO,H,H
HIDALGO,PARTIDO DEL TRABAJO,2,SENADORES MR,DELGADILLO ISLAS GLORIA LIZBETH,JIMENEZ BAUTISTA SANDRA PATRICIA,M,M
AGUASCALIENTES,PARTIDO VERDE ECOLOGISTA DE MÉXICO,1,SENADORES MR,ORNELAS ALVAREZ GABRIELA SARAI,ALVAREZ MEJIA XOCHIQUETZAL EDITH,M,M
AGUASCALIENTES,PARTIDO VERDE ECOLOGISTA DE MÉXICO,2,SENADORES MR,LOZANO HERRERA CESAR,SERRANO DOMIGUEZ JAIME,H,H
BAJA CALIFORNIA,PARTIDO VERDE ECOLOGISTA DE MÉXICO,1,SENADORES MR,ANAYA BARRIGUETE IGNACIO,MEDINA CRESPO JOSE DE JESUS,H,H
BAJA CALIFORNIA,PARTIDO VERDE ECOLOGISTA DE MÉXICO,2,SENADORES MR,CORONA GONZALEZ VERONICA JUDITH,VAZQUEZ ORTEGA DIANA MARGARITA,M,M
BAJA CALIFORNIA SUR,PARTIDO VERDE ECOLOGISTA DE MÉXICO,1,SENADORES MR,CAMARILLO GOMEZ GRISELDA LUCIA,CALLEROS ZATARIN MARIA MONSERRAT,M,M
BAJA CALIFORNIA SUR,PARTIDO VERDE ECOLOGISTA DE MÉXICO,2,SENADORES MR,GONZÁLEZ VISCARRA MARCO ANTONIO,SAPIEN HINOJOZA PAAT IRIDIAN,H,H
CHIHUAHUA,PARTIDO VERDE ECOLOGISTA DE MÉXICO,1,SENADORES MR,VILLA ALCAZAR FRANCISCO ANTONIO,MEDINA GARDEA SERGIO ALEJANDRO,H,H
CHIHUAHUA,PARTIDO VERDE ECOLOGISTA DE MÉXICO,2,SENADORES MR,MONTOYA RODRIGUEZ ROSARIO FLORENTINA,RODRIGUEZ BONILLA ILEANA,M,M
CIUDAD DE MEXICO,PARTIDO VERDE ECOLOGISTA DE MÉXICO,1,SENADORES MR,CALDERON LEON CARMEN LETICIA,SANCHEZ FLORES MARINA EMILIA,M,M
CIUDAD DE MEXICO,PARTIDO VERDE ECOLOGISTA DE MÉXICO,2,SENADORES MR,ROJAS PEREZ GERARDO,GEORGE CHAVEZ CESAR FABRICIO,H,H
DURANGO,PARTIDO VERDE ECOLOGISTA DE MÉXICO,1,SENADORES MR,SOTO NAVA MARIA GUADALUPE,CAMPOS VEGA MIRYAM KARINA,M,M
DURANGO,PARTIDO VERDE ECOLOGISTA DE MÉXICO,2,SENADORES MR,MARTINEZ MUÑOZ RAUL,SOTELO HERNANDEZ MIGUEL ANGEL,H,H
GUANAJUATO,PARTIDO VERDE ECOLOGISTA DE MÉXICO,1,SENADORES MR,PINEDA MARTINEZ VICTOR HUGO,GÓMEZ SALAZAR JORGE,H,H
GUANAJUATO,PARTIDO VERDE ECOLOGISTA DE MÉXICO,2,SENADORES MR,ÁLVAREZ PÉREZ MARISOL,ALVARADO ESTRADA RUTH,M,M
JALISCO,PARTIDO VERDE ECOLOGISTA DE MÉXICO,1,SENADORES MR,JHEMAN ZETINA ARTURO ALBERTO,GASPAR ECHEAGARAY RODOLFO,H,H
JALISCO,PARTIDO VERDE ECOLOGISTA DE MÉXICO,2,SENADORES MR,CEBALLOS GONZALEZ LEONOR,SENTIES RIVAS MARIA DE LOURDES,M,M
MICHOACAN,PARTIDO VERDE ECOLOGISTA DE MÉXICO,1,SENADORES MR,HERRERA PEREZ GERARDO ANDRES,ORNELAS FERREIRA SALVADOR,H,H
MICHOACAN,PARTIDO VERDE ECOLOGISTA DE MÉXICO,2,SENADORES MR,AGUIRRE OCHOA MARX,ARREDONDO LOPEZ LILIANA BERENICE,M,M
NAYARIT,PARTIDO VERDE ECOLOGISTA DE MÉXICO,1,SENADORES MR,RANGEL LOMELI SANDRA LUZ,RODRIGUEZ MONTAÑO ANA LILIANA,M,M
NAYARIT,PARTIDO VERDE ECOLOGISTA DE MÉXICO,2,SENADORES MR,CASTAÑEDA IBARRA JAVIER,CASTAÑEDA RAMIREZ JUAN CARLOS,H,H
NUEVO LEON,PARTIDO VERDE ECOLOGISTA DE MÉXICO,1,SENADORES MR,PLANCARTE DE LA GARZA RODRIGO,GARZA VAZQUEZ LUIS GERARDO,H,H
NUEVO LEON,PARTIDO VERDE ECOLOGISTA DE MÉXICO,2,SENADORES MR,VELAZQUEZ LUNA LIZETH ANALI,PEÑA LUCIO BRENDA ALEJANDRA,M,M
PUEBLA,PARTIDO VERDE ECOLOGISTA DE MÉXICO,1,SENADORES MR,GONZALEZ CERVANTES GERALDINE,TORRES SALCEDO MARIA DEL ROSARIO,M,M
PUEBLA,PARTIDO VERDE ECOLOGISTA DE MÉXICO,2,SENADORES MR,NATALE LOPEZ JUAN CARLOS,VALENCIA JUAREZ EDUARDO JAVIER,H,H
QUERETARO,PARTIDO VERDE ECOLOGISTA DE MÉXICO,1,SENADORES MR,GARCIA UGALDE IMELDA,PEREYRA SANCHEZ GRACIELA SOLEDAD,M,M
QUERETARO,PARTIDO VERDE ECOLOGISTA DE MÉXICO,2,SENADORES MR,ORTA CENTENO MARIA JULIA,LEGARRETA DE LA FUENTE XIMENA,M,M
TABASCO,PARTIDO VERDE ECOLOGISTA DE MÉXICO,1,SENADORES MR,ARANGUREN ROSIQUE NORMA ARACELI,DE LA CRUZ GOMEZ ARACELI,M,M
TABASCO,PARTIDO VERDE ECOLOGISTA DE MÉXICO,2,SENADORES MR,SANCHEZ CARRILLO MANUELA,CORREA LEON EVA DEL CARMEN,M,M
TAMAULIPAS,PARTIDO VERDE ECOLOGISTA DE MÉXICO,1,SENADORES MR,KING LOPEZ PATRICIO EDGAR,CISNEROS RAMIREZ MARCELINO,H,H
TAMAULIPAS,PARTIDO VERDE ECOLOGISTA DE MÉXICO,2,SENADORES MR,SOLIS GUITERREZ MELVA EGLEYDE,PEREZ LÓPEZ MARISA LIBRADA,M,M
MORELOS,MOVIMIENTO CIUDADANO,1,SENADORES MR,ORTEGA DE LA CRUZ JESSICA MARIA GUADALUPE,MARTINEZ MARTINEZ MIRELLE VIRIDIANA,M,M
MORELOS,MOVIMIENTO CIUDADANO,2,SENADORES MR,ALVAREZ ICAZA LONGORIA JOSE,MARROQUIN BASAVE ALEJANDRO,H,H
NUEVO LEON,MOVIMIENTO CIUDADANO,1,SENADORES MR,GARCIA SEPULVEDA SAMUEL ALEJANDRO,ORTIZ SALINAS LUIS DAVID,H,H
NUEVO LEON,MOVIMIENTO CIUDADANO,2,SENADORES MR,KEMPIS MARTINEZ INDIRA,LUQUE RANGEL MARCELA,M,M
AGUASCALIENTES,NUEVA ALIANZA,1,SENADORES MR,VAZQUEZ ALBOR DIEGO ARMANDO,ORNELAS IÑIGUEZ JAVIER,H,H
AGUASCALIENTES,NUEVA ALIANZA,2,SENADORES MR,CHAVEZ ALBA DELIA,MEDINA ARENAS MA. DEL CARMEN,M,M
BAJA CALIFORNIA,NUEVA ALIANZA,1,SENADORES MR,MONRREAL GASTELUM EFRAIN,KING RISTORI BENJAMIN,H,H
BAJA CALIFORNIA,NUEVA ALIANZA,2,SENADORES MR,LIZARRAGA SANCHEZ MARÍA DEL ROSARIO,BELTRAN DIARTE DIANA AZUCENA,M,M
BAJA CALIFORNIA SUR,NUEVA ALIANZA,1,SENADORES MR,MUNGUIA AVILES GUADALUPE,CUELLAR CRUZ AMELIA TRINIDAD,M,M
BAJA CALIFORNIA SUR,NUEVA ALIANZA,2,SENADORES MR,DEL RIEGO DE LOS SANTOS MANUEL,HIGUERA ZUÑIGA ALBERTO,H,H
CHIHUAHUA,NUEVA ALIANZA,1,SENADORES MR,ALAMILLO CALVILLO IRMA PATRICIA,SALAZAR BORJA GUADALUPE,M,M
CHIHUAHUA,NUEVA ALIANZA,2,SENADORES MR,VILLALBA MORENO ISIDRO,LOYA RAMIREZ ROBERTO CARLO,H,H
CIUDAD DE MEXICO,NUEVA ALIANZA,1,SENADORES MR,ACHACH IGLESIAS EDUARDO MIGUEL,SCHWANKE PADILLA TOMAS ENRIQUE,H,H
CIUDAD DE MEXICO,NUEVA ALIANZA,2,SENADORES MR,VINIEGRA RODRIGUEZ DENY ADEILAIDE,MARTINEZ HERNANDEZ GABRIELA,M,M
DURANGO,NUEVA ALIANZA,1,SENADORES MR,GARCIA CARO JOSE NIEVES,HERRERA GARCIA ALFONSO,H,H
DURANGO,NUEVA ALIANZA,2,SENADORES MR,TORRES IBARRA NINFA,HERNANDEZ TENORIO VERONICA,M,M
GUANAJUATO,NUEVA ALIANZA,1,SENADORES MR,MUÑOZ TORRES JOSE HUMBERTO,COVARRUBIAS RODRIGUEZ ESTEBAN,H,H
GUANAJUATO,NUEVA ALIANZA,2,SENADORES MR,BAÑUELOS SANCHEZ SONIA,FLORES RODRIGUEZ MA. ELEUTERIA,M,M
JALISCO,NUEVA ALIANZA,1,SENADORES MR,GONZALEZ PEREZ SANDRA BEATRIZ,ALONSO MENDOZA ESTHER,M,M
JALISCO,NUEVA ALIANZA,2,SENADORES MR,GALLARDO LOPEZ RAMON ERNESTO,HERRERA RUBIO EDGAR LEONEL,H,H
MICHOACAN,NUEVA ALIANZA,1,SENADORES MR,MORAILA MARTINEZ ARACELI ANGELES,LEON GARCIA NORMA LILIA,M,M
MICHOACAN,NUEVA ALIANZA,2,SENADORES MR,TORRES GARCIA RAFAEL,FREGOSO ROMERO AURELIO,H,H
NAYARIT,NUEVA ALIANZA,1,SENADORES MR,VALENZUELA ONTIVEROS LILIANA GUILLERMINA,CORTES GARCIA SAHILI TANZANIA,M,M
NAYARIT,NUEVA ALIANZA,2,SENADORES MR,CARRILLO GUZMAN MARTIN,ALVAREZ DELGADO ICKOV S IVAN,H,H
NUEVO LEON,NUEVA ALIANZA,1,SENADORES MR,SALDIVAR PAZ MIRNA ISABEL,VILLANUEVA PADILLA JOSEFINA,M,M
NUEVO LEON,NUEVA ALIANZA,2,SENADORES MR,GONZALEZ CABRIELES RUBEN,CARDENAS MARTINEZ LUIS ALFREDO,H,H
PUEBLA,NUEVA ALIANZA,1,SENADORES MR,CARRETO CHALINI NORMA ALICIA,AGUILAR ORDOÑEZ MARIA LUISA,M,M
PUEBLA,NUEVA ALIANZA,2,SENADORES MR,SALGADO NESTOR EMILIO,AGUILA ARGUELLES JOSE ALEJANDRO,H,H
QUERETARO,NUEVA ALIANZA,1,SENADORES MR,GUTIERREZ PEREZ LUIS ANGEL,SANDOVAL CHAVEZ SERGIO,H,H
QUERETARO,NUEVA ALIANZA,2,SENADORES MR,HUERTA TELLEZ DULCE JACQUELINA,RODRIGUEZ HERNANDEZ MARIA JOSE,M,M
TABASCO,NUEVA ALIANZA,1,SENADORES MR,RAMIREZ GARCIA MARGARITO,BAAS POOT MIGUEL GUADALUPE,H,H
TABASCO,NUEVA ALIANZA,2,SENADORES MR,SOSA ALAMILLA NATALIA,AGUIRE DIAZ GLORIA ALICIA,M,M
TAMAULIPAS,NUEVA ALIANZA,1,SENADORES MR,RAMOS SALINAS OSCAR MARTIN,OLIVARES GUERRERO JUAN CARLOS ALBERTO,H,H
TAMAULIPAS,NUEVA ALIANZA,2,SENADORES MR,SANTANA TURRUBIATES HILDA GRACIELA,PERALES ESPINOSA JOSELEN HAMMOR,M,M
HIDALGO,MORENA,1,SENADORES MR,GARCIA ARRIETA ANGELICA,GONZALEZ GONZALEZ MARIA MERCED,M,M
HIDALGO,MORENA,2,SENADORES MR,MENCHACA SALAZAR JULIO RAMON,ROJAS MANCERA NAVOR ALBERTO,H,H
AGUASCALIENTES,JUNTOS HAREMOS HISTORIA,1,SENADORES MR,GUTIERREZ CASTORENA DANIEL,PONCE LARRINUA ALEJANDRO,H,H
AGUASCALIENTES,JUNTOS HAREMOS HISTORIA,2,SENADORES MR,MARTINEZ VAZQUEZ MA. GUADALUPE,MENA APARICIO CAROLINA,M,M
BAJA CALIFORNIA,JUNTOS HAREMOS HISTORIA,1,SENADORES MR,BONILLA VALDEZ JAIME,NOVELO OSUNA GERARDO,H,H
BAJA CALIFORNIA,JUNTOS HAREMOS HISTORIA,2,SENADORES MR,LEON GASTELUM ALEJANDRA DEL CARMEN,HERRERA RODRIGUEZ CLAUDIA,M,M
BAJA CALIFORNIA SUR,JUNTOS HAREMOS HISTORIA,1,SENADORES MR,CASTRO COSIO VICTOR MANUEL,VELAZQUEZ MEZA RICARDO,H,H
BAJA CALIFORNIA SUR,JUNTOS HAREMOS HISTORIA,2,SENADORES MR,TRASVIÑA WALDENRATH JESUS LUCIA,TREVIZO VASQUEZ MONICA,M,M
CAMPECHE,JUNTOS HAREMOS HISTORIA,1,SENADORES MR,OSTOA ORTEGA ANIBAL,MOO CAHUICH ARTURO DEL CARMEN,H,H
CAMPECHE,JUNTOS HAREMOS HISTORIA,2,SENADORES MR,SANCHEZ GARCIA CECILIA MARGARITA,RUIZ HERNANDEZ LIDA,M,M
CHIAPAS,JUNTOS HAREMOS HISTORIA,1,SENADORES MR,RAMIREZ AGUILAR OSCAR EDUARDO,AGUILAR CASTILLEJOS JOSE ANTONIO,H,H
CHIAPAS,JUNTOS HAREMOS HISTORIA,2,SENADORES MR,DE LEON VILLARD SASIL DORA LUZ,RODRIGUEZ JIMENEZ MARIA ISABEL,M,M
CHIHUAHUA,JUNTOS HAREMOS HISTORIA,1,SENADORES MR,CARAVEO CAMARENA BERTHA ALICIA,CAZARES HOLGUIN FLOR PILAR,M,M
CHIHUAHUA,JUNTOS HAREMOS HISTORIA,2,SENADORES MR,PEREZ CUELLAR CRUZ,ESPINO DE LA PEÑA RAFAEL,H,H
CIUDAD DE MEXICO,JUNTOS HAREMOS HISTORIA,1,SENADORES MR,BATRES GUADARRAMA MARTI,CRAVIOTO ROMERO CESAR ARNULFO,H,H
CIUDAD DE MEXICO,JUNTOS HAREMOS HISTORIA,2,SENADORES MR,HERNANDEZ MORA MINERVA CITLALLI,SANCHEZ SUGIA MARIA CELESTE,M,M
COAHUILA,JUNTOS HAREMOS HISTORIA,1,SENADORES MR,GUADIANA TIJERINA SANTANA ARMANDO,FLORES HURTADO REYES,H,H
COAHUILA,JUNTOS HAREMOS HISTORIA,2,SENADORES MR,GALAZ CALETTI EVA EUGENIA,MONTERO CUELLAR MONICA,M,M
COLIMA,JUNTOS HAREMOS HISTORIA,1,SENADORES MR,PADILLA PEÑA JOEL,GUIA VELAZQUEZ EDUARDO,H,H
COLIMA,JUNTOS HAREMOS HISTORIA,2,SENADORES MR,VALENCIA DE LA MORA GRICELDA,CONTRERAS RUIZ ANA MARIA,M,M
DURANGO,JUNTOS HAREMOS HISTORIA,1,SENADORES MR,GONZALEZ YAÑEZ ALEJANDRO,LUCERO OLIVAS MIGUEL ANGEL,H,H
DURANGO,JUNTOS HAREMOS HISTORIA,2,SENADORES MR,VALDEZ MARTINEZ LILIA MARGARITA,RICO RODRIGUEZ MARIA DE LA LUZ,M,M
GUANAJUATO,JUNTOS HAREMOS HISTORIA,1,SENADORES MR,MICHER CAMARENA MARTHA LUCIA,SALINAS CASTILLA ROSMILDA,M,M
GUANAJUATO,JUNTOS HAREMOS HISTORIA,2,SENADORES MR,BECERRA GONZALEZ CUAUHTEMOC,HERNANDEZ RAMOS JUAN FRANCISCO,H,H
GUERRERO,JUNTOS HAREMOS HISTORIA,1,SENADORES MR,SALGADO MACEDONIO J. FELIX,LOPEZ SOLLANO SAUL,H,H
GUERRERO,JUNTOS HAREMOS HISTORIA,2,SENADORES MR,SALGADO GARCÍA NESTORA,MARTINEZ SOLANO FELICITAS,M,M
JALISCO,JUNTOS HAREMOS HISTORIA,1,SENADORES MR,CARDENAS MARISCAL MARIA ANTONIA,DE ROBLES RAMIREZ ELISA ILEANA,M,M
JALISCO,JUNTOS HAREMOS HISTORIA,2,SENADORES MR,PEREZ GARIBAY ANTONIO,ARROYO ALZAGA CARLOS,H,H
MEXICO,JUNTOS HAREMOS HISTORIA,1,SENADORES MR,GOMEZ ALVAREZ DELFINA,GUERRERO SANCHEZ MARTHA,M,M
MEXICO,JUNTOS HAREMOS HISTORIA,2,SENADORES MR,MARTINEZ MIRANDA HIGINIO,MORENO BASTIDA RICARDO,H,H
MICHOACAN,JUNTOS HAREMOS HISTORIA,1,SENADORES MR,PIÑA GUDIÑO BLANCA ESTELA,ANDRADE GARCIA PELAEZ GRACIELA CARMINA,M,M
MICHOACAN,JUNTOS HAREMOS HISTORIA,2,SENADORES MR,ARIAS SOLIS CRISTOBAL,SOLORZANO FRAGA JOSE ALFONSO PASCUAL,H,H
MORELOS,JUNTOS HAREMOS HISTORIA,1,SENADORES MR,MEZA GUZMAN LUCIA VIRGINIA,PEÑA OCAMPO LETICIA,M,M
MORELOS,JUNTOS HAREMOS HISTORIA,2,SENADORES MR,SALAZAR SOLORIO RADAMES,PEREZ FLORES SERGIO,H,H
NAYARIT,JUNTOS HAREMOS HISTORIA,1,SENADORES MR,PINEDO ALONSO CORA CECILIA,ALONSO GUTIERREZ SANDRA ELIZABETH,M,M
NAYARIT,JUNTOS HAREMOS HISTORIA,2,SENADORES MR,NAVARRO QUINTERO MIGUEL ANGEL,SEPULVEDA ARCEGA DANIEL,H,H
NUEVO LEON,JUNTOS HAREMOS HISTORIA,1,SENADORES MR,SUAREZ GARZA ALVARO JOSE,GUTIERREZ DAVILA CESAR,H,H
NUEVO LEON,JUNTOS HAREMOS HISTORIA,2,SENADORES MR,DIAZ DELGADO BLANCA JUDITH,MARTINEZ MARTINEZ MARTHA ELVA,M,M
OAXACA,JUNTOS HAREMOS HISTORIA,1,SENADORES MR,HARP ITURRIBARRIA SUSANA,RUEDA GOMEZ CONCEPCION,M,M
OAXACA,JUNTOS HAREMOS HISTORIA,2,SENADORES MR,JARA CRUZ SALOMON,GOMEZ HERNANDEZ ADOLFO,H,H
PUEBLA,JUNTOS HAREMOS HISTORIA,1,SENADORES MR,ARMENTA MIER ALEJANDRO,ENCINAS MENESES JESUS,H,H
PUEBLA,JUNTOS HAREMOS HISTORIA,2,SENADORES MR,DE LA SIERRA ARAMBURO NANCY,GONZALEZ DE YTA SANDRA,M,M
QUERETARO,JUNTOS HAREMOS HISTORIA,1,SENADORES MR,HERRERA RUIZ GILBERTO,JIMENEZ YAÑEZ JUAN JOSE,H,H
QUERETARO,JUNTOS HAREMOS HISTORIA,2,SENADORES MR,MAYA GARCIA CELIA,TOVAR SAAVEDRA LAURA ANDREA,M,M
QUINTANA ROO,JUNTOS HAREMOS HISTORIA,1,SENADORES MR,VILLEGAS CANCHE FREYDA MARYBEL,LOPEZ GOMEZ GABRIELA,M,M
QUINTANA ROO,JUNTOS HAREMOS HISTORIA,2,SENADORES MR,PECH VARGUEZ JOSE LUIS,MARQUEZ VALDIVIA ROGELIO,H,H
SAN LUIS POTOSI,JUNTOS HAREMOS HISTORIA,1,SENADORES MR,DOTHE MATA PRIMO,CERVANTES ROJAS ELI CESAR EDUARDO,H,H
SAN LUIS POTOSI,JUNTOS HAREMOS HISTORIA,2,SENADORES MR,BANDA ZERMEÑO MARIA JOSEFINA,GUERRERO DURAN GUADALUPE ANA KAREN,M,M
SINALOA,JUNTOS HAREMOS HISTORIA,1,SENADORES MR,ROCHA MOYA RUBEN,ELENES ANGULO RAUL DE JESUS,H,H
SINALOA,JUNTOS HAREMOS HISTORIA,2,SENADORES MR,CASTRO CASTRO IMELDA,AVILA CARRANCIO ELIZABETH,M,M
SONORA,JUNTOS HAREMOS HISTORIA,1,SENADORES MR,TELLEZ GARCIA MARIA LILLY DEL CARMEN,CASTRO LONGORIA REINA,M,M
SONORA,JUNTOS HAREMOS HISTORIA,2,SENADORES MR,DURAZO MONTAÑO FRANCISCO ALFONSO,BOURS GRIFFITH ARTURO,H,H
TABASCO,JUNTOS HAREMOS HISTORIA,1,SENADORES MR,FERNANDEZ BALBOA MONICA,MANZANILLA FOJACO ADRIANA,M,M
TABASCO,JUNTOS HAREMOS HISTORIA,2,SENADORES MR,MAY RODRIGUEZ JAVIER,PERALTA SUAREZ OVIDIO SALVADOR,H,H
TAMAULIPAS,JUNTOS HAREMOS HISTORIA,1,SENADORES MR,VILLARREAL ANAYA AMERICO,LOPEZ VARGAS FAUSTINO,H,H
TAMAULIPAS,JUNTOS HAREMOS HISTORIA,2,SENADORES MR,COVARRUBIAS CERVANTES MA. GUADALUPE,CANTU GONZALEZ ROSALINDA,M,M
TLAXCALA,JUNTOS HAREMOS HISTORIA,1,SENADORES MR,RIVERA RIVERA ANA LILIA,RODRIGUEZ LOPEZ ROSA EUGENIA,M,M
TLAXCALA,JUNTOS HAREMOS HISTORIA,2,SENADORES MR,ALVAREZ LIMA JOSE ANTONIO CRUZ,MOLINA RAMIREZ JOEL,H,H
VERACRUZ,JUNTOS HAREMOS HISTORIA,1,SENADORES MR,NAHLE GARCIA NORMA ROCIO,SANCHEZ HERNANDEZ GLORIA,M,M
VERACRUZ,JUNTOS HAREMOS HISTORIA,2,SENADORES MR,AHUED BARDAHUIL RICARDO,PEREZ ASTORGA ERNESTO,H,H
YUCATAN,JUNTOS HAREMOS HISTORIA,1,SENADORES MR,CRUZ POOL HILDA MARIANA,PAREDES FLORES ANA CRISTINA,M,M
YUCATAN,JUNTOS HAREMOS HISTORIA,2,SENADORES MR,CASTRO VAZQUEZ ROGERIO,MEDINA RODRIGUEZ EDGARDO GILBERTO,H,H
ZACATECAS,JUNTOS HAREMOS HISTORIA,1,SENADORES MR,LUEVANO CANTU MARIA SOLEDAD,INGUANZO GONZALEZ MARIA TERESA,M,M
ZACATECAS,JUNTOS HAREMOS HISTORIA,2,SENADORES MR,NARRO CESPEDES JOSE,LIMONES ZUÑIGA DOMINGO,H,H
CAMPECHE,TODOS POR MÉXICO,1,SENADORES MR,ABREU ARTIÑANO ROCIO ADRIANA,VELAZQUEZ RODRIGUEZ HILDA EUGENIA,M,M
CAMPECHE,TODOS POR MÉXICO,2,SENADORES MR,CASTRO BELLO CHRISTIAN MISHEL,MARTINEZ QUIJANO FREDY FERNANDO,H,H
CHIAPAS,TODOS POR MÉXICO,1,SENADORES MR,CANCELADO,CASTAÑON RAMIREZ NOE FERNANDO,H,H
CHIAPAS,TODOS POR MÉXICO,2,SENADORES MR,CANCELADO,LUNA LOPEZ THANIA,M,M
COAHUILA,TODOS POR MÉXICO,1,SENADORES MR,MARTINEZ GARCIA VERONICA,GALLEGOS MARTINEZ LUISA IVONE,M,M
COAHUILA,TODOS POR MÉXICO,2,SENADORES MR,ABRAMO MASSO YERICO,NERIO MALTOS ANTONIO,H,H
COLIMA,TODOS POR MÉXICO,1,SENADORES MR,BENAVIDES COBOS GABRIELA,MARTINEZ MENDOZA SONIA ALEJANDRINA,M,M
COLIMA,TODOS POR MÉXICO,2,SENADORES MR,MORENO PEÑA FERNANDO,MORALES ANGUIANO SERGIO AGUSTIN,H,H
GUERRERO,TODOS POR MÉXICO,1,SENADORES MR,AÑORVE BAÑOS MANUEL,ALVAREZ ANGLI ARTURO,H,H
GUERRERO,TODOS POR MÉXICO,2,SENADORES MR,BERNAL RESENDIZ GABRIELA,HERRERA DE LA O MARIA ADELA,M,M
HIDALGO,TODOS POR MÉXICO,1,SENADORES MR,MAYORGA DELGADO NUVIA MAGDALENA,OROPEZA OLGUIN NORA LILIANA,M,M
HIDALGO,TODOS POR MÉXICO,2,SENADORES MR,GONZALEZ MURILLO ALEJANDRO,MOLINA HERNANDEZ EMILIO ELISEO,H,H
MEXICO,TODOS POR MÉXICO,1,SENADORES MR,CAMACHO QUIROZ CESAR OCTAVIO,GARCIA CUEVAS FERNANDO ALBERTO,H,H
MEXICO,TODOS POR MÉXICO,2,SENADORES MR,DEL MORAL VELA PAULINA ALEJANDRA,ROJAS LUNA JOCELYN MARGARITA,M,M
MORELOS,TODOS POR MÉXICO,1,SENADORES MR,GARCIA YAÑEZ ANGEL,RICO PONCE JESUS MILFORD,H,H
MORELOS,TODOS POR MÉXICO,2,SENADORES MR,IBARRA CAMPOS LILIA,JIMENEZ GONZALEZ ALEJANDRA,M,M
OAXACA,TODOS POR MÉXICO,1,SENADORES MR,BOLAÑOS CACHO CUE RAUL,VILLACAÑA JIMENEZ JOSE JAVIER,H,H
OAXACA,TODOS POR MÉXICO,2,SENADORES MR,CASTRO RIOS SOFIA,PALACIOS CASTILLO MARIA CRISTINA,M,M
QUINTANA ROO,TODOS POR MÉXICO,1,SENADORES MR,HURTADO VALLEJO SUSANA,MORGA ARIAS MARTHA ELENA,M,M
QUINTANA ROO,TODOS POR MÉXICO,2,SENADORES MR,KING DE LA ROSA RAYMUNDO,MARZUCA CASTELLANOS MIGUEL ALFONSO,H,H
SAN LUIS POTOSI,TODOS POR MÉXICO,1,SENADORES MR,MAHBUB SARQUIS LUIS ANTONIO,NAVA GOMEZ JOSE EVERARDO,H,H
SAN LUIS POTOSI,TODOS POR MÉXICO,2,SENADORES MR,TERAN GUEVARA MARIA REBECA,MICHEL ORTIZ LAURA,M,M
SINALOA,TODOS POR MÉXICO,1,SENADORES MR,ZAMORA GASTELUM MARIO,GALINDO QUIÑONES HERIBERTO MANUEL,H,H
SINALOA,TODOS POR MÉXICO,2,SENADORES MR,MILLAN BUENO ROSA ELENA,MAYORQUIN URIBE DALIA SELENE,M,M
SONORA,TODOS POR MÉXICO,1,SENADORES MR,BELTRONES SANCHEZ SYLVANA,FRANCO HERNANDEZ LUZ MIREYA,M,M
SONORA,TODOS POR MÉXICO,2,SENADORES MR,ACOSTA GUTIERREZ MANUEL IGNACIO,IBARRA OTERO PROSPERO MANUEL,H,H
TLAXCALA,TODOS POR MÉXICO,1,SENADORES MR,ALVARADO VARELA EDITH ANABEL,GUTIERREZ SANCHEZ ANABELLE,M,M
TLAXCALA,TODOS POR MÉXICO,2,SENADORES MR,DOMINGUEZ ORDOÑEZ FLORENTINO,MUÑOZ MUÑOZ ISRAEL,H,H
VERACRUZ,TODOS POR MÉXICO,1,SENADORES MR,CALLEJAS ROLDAN JUAN NICOLAS,ACEVES AMEZCUA CARLOS,H,H
VERACRUZ,TODOS POR MÉXICO,2,SENADORES MR,PINETE VARGAS MARIA DEL CARMEN,PATIÑO CEJA ESTHER,M,M
YUCATAN,TODOS POR MÉXICO,1,SENADORES MR,RAMIREZ MARIN JORGE CARLOS,HABIB ABIMERHI JORGE ALBERTO,H,H
YUCATAN,TODOS POR MÉXICO,2,SENADORES MR,CAMINO FARJAT VERONICA NOEMI,LOPEZ GARCIA MARIA MARENA,M,M
ZACATECAS,TODOS POR MÉXICO,1,SENADORES MR,ANAYA MOTA CLAUDIA EDITH,SANDOVAL URBAN EVELIA,M,M
ZACATECAS,TODOS POR MÉXICO,2,SENADORES MR,RODRIGUEZ MARQUEZ RAUL,LOPEZ MAGALLANES SILVERIO,H,H
AGUASCALIENTES,POR MÉXICO AL FRENTE,1,SENADORES MR,MARQUEZ ALVARADO MARTHA CECILIA,JURADO VALADEZ ADRIANA GUADALUPE,M,M
AGUASCALIENTES,POR MÉXICO AL FRENTE,2,SENADORES MR,MARTIN DEL CAMPO MARTIN DEL CAMPO JUAN ANTONIO,LARIOS ESPARZA JUAN FRANCISCO,H,H
BAJA CALIFORNIA,POR MÉXICO AL FRENTE,1,SENADORES MR,CRUZ BLAKCLEDGE GINA ANDREA,VAZQUEZ AGUIAR IRAIS MARIA,M,M
BAJA CALIFORNIA,POR MÉXICO AL FRENTE,2,SENADORES MR,RAMOS HERNANDEZ JORGE,OVANDO PATRON JOSE LUIS,H,H
BAJA CALIFORNIA SUR,POR MÉXICO AL FRENTE,1,SENADORES MR,SALDAÑA CISNEROS MARIA GUADALUPE,VILLARREAL ZAVALA AUDELIA ESTHELA,M,M
BAJA CALIFORNIA SUR,POR MÉXICO AL FRENTE,2,SENADORES MR,PELAYO COVARRUBIAS FRANCISCO,PARTIDA ESCOBOSA JOSE PABLO,H,H
CAMPECHE,POR MÉXICO AL FRENTE,1,SENADORES MR,VALLADARES VALLE YOLANDA GUADALUPE,DE LA PARRA ISLA TERESITA,M,M
CAMPECHE,POR MÉXICO AL FRENTE,2,SENADORES MR,RAMOS ARCEO EDUARDO ENRIQUE,MORENO ZAVALA MANUEL JESUS,H,H
CHIAPAS,POR MÉXICO AL FRENTE,1,SENADORES MR,ORANTES LOPEZ MARIA ELENA,AGUILAR GARCIA PATRICIA,M,M
CHIAPAS,POR MÉXICO AL FRENTE,2,SENADORES MR,VALERA FUENTES DIEGO VALENTE,FONG DUBON ALFONSO,H,H
CHIHUAHUA,POR MÉXICO AL FRENTE,1,SENADORES MR,MADERO MUÑOZ GUSTAVO ENRIQUE,OLSON SAN VICENTE CARLOS ALFREDO,H,H
CHIHUAHUA,POR MÉXICO AL FRENTE,2,SENADORES MR,REZA GALLEGOS ROCIO ESMERALDA,YÑARRITU SALGADO MARITERE,M,M
CIUDAD DE MEXICO,POR MÉXICO AL FRENTE,1,SENADORES MR,ALVAREZ ICAZA LONGORIA EMILIO,GOMEZ HERMOSILLO MARIN ROGELIO ALBERTO,H,H
CIUDAD DE MEXICO,POR MÉXICO AL FRENTE,2,SENADORES MR,GALVEZ RUIZ BERTHA XOCHITL,BALLESTEROS MANCILLA LAURA IRAIS,M,M
COAHUILA,POR MÉXICO AL FRENTE,1,SENADORES MR,ANAYA LLAMAS JOSE GUILLERMO,DE LA PEÑA GAITÁN EDUARDO,H,H
COAHUILA,POR MÉXICO AL FRENTE,2,SENADORES MR,QUINTANA SALINAS ESTHER,SÁNCHEZ SOSA SUSANA,M,M
COLIMA,POR MÉXICO AL FRENTE,1,SENADORES MR,ABAROA LOPEZ MARIA ELENA,MANZO ALVAREZ KARINA YESENIA,M,M
COLIMA,POR MÉXICO AL FRENTE,2,SENADORES MR,LADINO OCHOA LUIS HUMBERTO,GUTIERREZ VALENCIA OSCAR MANUEL,H,H
DURANGO,POR MÉXICO AL FRENTE,1,SENADORES MR,ENRIQUEZ HERRERA JOSE RAMON,QUIÑONEZ RUIZ JUAN,H,H
DURANGO,POR MÉXICO AL FRENTE,2,SENADORES MR,FLORES ELIZONDO PATRICIA,ELYD SAENZ MARIA SALOME,M,M
GUANAJUATO,POR MÉXICO AL FRENTE,1,SENADORES MR,REYNOSO SANCHEZ ALEJANDRA NOEMI,PANIAGUA GARCIA ANA TERESA,M,M
GUANAJUATO,POR MÉXICO AL FRENTE,2,SENADORES MR,BERMÚDEZ MÉNDEZ JOSÉ ERANDI,NEGRETE MARTINEZ JUAN ANTONIO,H,H
GUERRERO,POR MÉXICO AL FRENTE,1,SENADORES MR,MOJICA MORGA BEATRIZ,ROMERO SUAREZ SILVIA,M,M
GUERRERO,POR MÉXICO AL FRENTE,2,SENADORES MR,RAMOS DEL CARMEN MARIO,DAMIAN HUATO PIOQUINTO,H,H
HIDALGO,POR MÉXICO AL FRENTE,1,SENADORES MR,MARQUEZ URIBE DARINA,OLVERA CABALLERO FRANCISCA,M,M
HIDALGO,POR MÉXICO AL FRENTE,2,SENADORES MR,ROMERO ALCANTARA ISIDRO,GUZMAN BADILLO MARIO FRANCISCO,H,H
JALISCO,POR MÉXICO AL FRENTE,1,SENADORES MR,CASTAÑEDA HOEFLICH JOSE CLEMENTE,GALARZA VILLASEÑOR JOSE ALBERTO,H,H
JALISCO,POR MÉXICO AL FRENTE,2,SENADORES MR,DELGADILLO GARCIA VERONICA,LOPEZ HERNANDEZ RUTH ALEJANDRA,M,M
MEXICO,POR MÉXICO AL FRENTE,1,SENADORES MR,ZEPEDA HERNANDEZ JUAN MANUEL,MACEDA LUNA OMAR OBED,H,H
MEXICO,POR MÉXICO AL FRENTE,2,SENADORES MR,RIVERA SANCHEZ MARIA FERNANDA,ARANDA MUELA CLAUDIA DEL ROSARIO,M,M
MICHOACAN,POR MÉXICO AL FRENTE,1,SENADORES MR,GARCIA CONEJO ANTONIO,TREJO PURECO MARCO,H,H
MICHOACAN,POR MÉXICO AL FRENTE,2,SENADORES MR,GONZALEZ SANCHEZ ALMA MIREYA,ESQUIVEL TORRES LAURA,M,M
NAYARIT,POR MÉXICO AL FRENTE,1,SENADORES MR,NUÑEZ SANCHEZ GLORIA ELIZABETH,RODRIGUEZ DOMINGUEZ MARTHA MARIA,M,M
NAYARIT,POR MÉXICO AL FRENTE,2,SENADORES MR,ACOSTA NARANJO GUADALUPE,GONZALEZ BARRIOS RODRIGO,H,H
OAXACA,POR MÉXICO AL FRENTE,1,SENADORES MR,RAMIREZ PUGA LEYVA HECTOR PABLO,LOPEZ NELIO LOPEZ LENIN,H,H
OAXACA,POR MÉXICO AL FRENTE,2,SENADORES MR,WOOLRICH FERNANDEZ PERLA MARISELA,GURRION SCOTT NOEMI SUSAN,M,M
PUEBLA,POR MÉXICO AL FRENTE,1,SENADORES MR,NAVARRO ACEVEDO NADIA,FIGUEROA ANDRADE MARIA DEL SOCORRO,M,M
PUEBLA,POR MÉXICO AL FRENTE,2,SENADORES MR,RIESTRA PIÑA MARIO GERARDO,MARTINEZ AMADOR CARLOS,H,H
QUERETARO,POR MÉXICO AL FRENTE,1,SENADORES MR,KURI GONZALEZ MAURICIO,BOTELLO MONTES JOSE ALFREDO,H,H
QUERETARO,POR MÉXICO AL FRENTE,2,SENADORES MR,MURGUIA GUTIERREZ MARIA GUADALUPE,ROJAS LORETO ESTRELLA,M,M
QUINTANA ROO,POR MÉXICO AL FRENTE,1,SENADORES MR,MARTINEZ SIMON MAYULI LATIFA,MARTINEZ CARDENAS LAURA SUSANA,M,M
QUINTANA ROO,POR MÉXICO AL FRENTE,2,SENADORES MR,RICALDE MAGAÑA JULIAN JAVIER,OLIVARES MENA RICARDO OSWALDO,H,H
SAN LUIS POTOSI,POR MÉXICO AL FRENTE,1,SENADORES MR,NOYOLA CERVANTES MA LEONOR,GAITAN DIAZ MARIA GRACIELA,M,M
SAN LUIS POTOSI,POR MÉXICO AL FRENTE,2,SENADORES MR,GAMA BASARTE MARCO ANTONIO,SALAZAR SAENZ FRANCISCO JAVIER,H,H
SINALOA,POR MÉXICO AL FRENTE,1,SENADORES MR,CUEN OJEDA HECTOR MELESIO,CORRALES BURGUEÑO VICTOR ANTONIO,H,H
SINALOA,POR MÉXICO AL FRENTE,2,SENADORES MR,TREVIÑO SALINAS SYLVIA,RAMIREZ RODRIGUEZ MARIA DE LA LUZ,M,M
SONORA,POR MÉXICO AL FRENTE,1,SENADORES MR,ASTIAZARAN GUTIERREZ ANTONIO FRANCISCO,CORRAL AVILA RAMON,H,H
SONORA,POR MÉXICO AL FRENTE,2,SENADORES MR,CUESTA MADRIGAL LETICIA ELIZABETH,VALENZUELA NEVAREZ MICHELLE LORENIA,M,M
TABASCO,POR MÉXICO AL FRENTE,1,SENADORES MR,FOCIL PEREZ JUAN MANUEL,DIAZ CARRASCO CHRISTIAN GREGORIO,H,H
TABASCO,POR MÉXICO AL FRENTE,2,SENADORES MR,VIDAL FOCIL ANA BERTHA,LIMON CORDOVA IDALIA,M,M
TAMAULIPAS,POR MÉXICO AL FRENTE,1,SENADORES MR,GARCIA CABEZA DE VACA ISMAEL,MARON MANZUR EDMUNDO JOSE,H,H
TAMAULIPAS,POR MÉXICO AL FRENTE,2,SENADORES MR,FIGUEROA SMITH MARIA ELENA,SANMIGUEL SANCHEZ IMELDA MARGARITA,M,M
TLAXCALA,POR MÉXICO AL FRENTE,1,SENADORES MR,HERNANDEZ RAMOS MINERVA,HERNANDEZ FERNANDEZ MAURA,M,M
TLAXCALA,POR MÉXICO AL FRENTE,2,SENADORES MR,MONTIEL FUENTES GELACIO,RODRIGUEZ DOMINGUEZ ALFONSO,H,H
VERACRUZ,POR MÉXICO AL FRENTE,1,SENADORES MR,REMENTERIA DEL PUERTO JULEN,PEREZ CRUZ ORESTES EUGENIO,H,H
VERACRUZ,POR MÉXICO AL FRENTE,2,SENADORES MR,COPETE ZAPOT YAZMIN DE LOS ANGELES,MARIN MARTINEZ ZEFERINA DEL CARMEN,M,M
YUCATAN,POR MÉXICO AL FRENTE,1,SENADORES MR,PAZ ALONZO RAUL,GONZALEZ CRESPO RODOLFO ENRIQUE,H,H
YUCATAN,POR MÉXICO AL FRENTE,2,SENADORES MR,PAYAN CERVERA ANA ROSA,ANCONA ROSAS ANA MARIA GUADALUPE,M,M
ZACATECAS,POR MÉXICO AL FRENTE,1,SENADORES MR,CHAVEZ CONTRERAS MARIA DE JESUS,ANAYA VAZQUEZ CLAUDIA,M,M
ZACATECAS,POR MÉXICO AL FRENTE,2,SENADORES MR,FLORES MENDOZA RAFAEL,REYES HERNANDEZ MARCO ALBERTO,H,H
BAJA CALIFORNIA SUR,CANDIDATURA INDEPENDIENTE,1,SENADORES MR,GARCIA DE LEON CORIA LORENZO RICARDO,SERRANO GARCIA MARTIN,H,H
BAJA CALIFORNIA SUR,CANDIDATURA INDEPENDIENTE,2,SENADORES MR,OJEDA ALVARADO JESUS GUADALUPE,GUEVARA SALGADO MAYRA ARACELY,M,M
CHIAPAS,CANDIDATURA INDEPENDIENTE,1,SENADORES MR,SALAZAR MENDIGUCHIA PABLO ABNER,MONTOLLA OSEGUERA GABRIEL FERNANDO,H,H
CHIAPAS,CANDIDATURA INDEPENDIENTE,2,SENADORES MR,CORZO ORNELAS KAROLYN,HERNANDEZ BIELMA CARMEN,M,M
GUERRERO,CANDIDATURA INDEPENDIENTE,1,SENADORES MR,ROMERO ESPINAL SOLEDAD,ROMERO RIVERA NANCY,M,M
GUERRERO,CANDIDATURA INDEPENDIENTE,2,SENADORES MR,HERNANDEZ VIEYRA JOSE GUADALUPE,GARCIA CASTRO NAHUM,H,H
JALISCO,CANDIDATURA INDEPENDIENTE,1,SENADORES MR,KUMAMOTO AGUILAR JOSE PEDRO,RAMIREZ RAMOS CLAUDIA ANGELICA,H,M
JALISCO,CANDIDATURA INDEPENDIENTE,2,SENADORES MR,DELGADO QUINTANA JUANA ADELFA,RAMIREZ FERNANDEZ CINTHIA GABRIELA,M,M
NUEVO LEON,CANDIDATURA INDEPENDIENTE,1,SENADORES MR,GONZALEZ RODRIGUEZ RAUL,NAÑEZ PRO JAVIER,H,H
NUEVO LEON,CANDIDATURA INDEPENDIENTE,2,SENADORES MR,GARZA CANDIA MONICA GRICELDA,ADAM TOVAR ROSA MARIA,M,M
SINALOA,CANDIDATURA INDEPENDIENTE,1,SENADORES MR,CLOUTHIER CARRILLO MANUEL JESUS,TANIYAMA CEBALLOS JOSE MIGUEL,H,H
SINALOA,CANDIDATURA INDEPENDIENTE,2,SENADORES MR,SALDAÑA GARCIA MARIA GUADALUPE,SEDANO FIERRO SOLANGEL,M,M
TLAXCALA,CANDIDATURA INDEPENDIENTE,1,SENADORES MR,CRUZ PEREZ OBED JAVIER,LEZAMA DELGADO MIGUEL,H,H
TLAXCALA,CANDIDATURA INDEPENDIENTE,2,SENADORES MR,GOMEZ MORALES VIANEY,PEREZ XOCHIPA ALMA,M,M